Character,Time Used to Type Last Character (ms),Last 2 Characters,Time Used to Type Last 2 Characters (ms)
s,41.63432121276856,os,143.74732971191406
e,72.47662544250488,se,114.11094665527344
s,58.16864967346192,es,130.6452751159668
 ,61.87248229980469,s ,120.0411319732666
a,57.57999420166016, a,119.45247650146484
l,84.84363555908203,al,142.4236297607422
o,60.42838096618652,lo,145.27201652526855
n,68.41182708740234,on,128.84020805358887
e,60.38713455200195,ne,128.7989616394043
 ,72.30067253112793,e ,132.68780708312988
s,72.07226753234863, s,144.37294006347656
h,43.92504692077637,sh,115.997314453125
a,83.09578895568848,ha,127.02083587646484
l,73.65942001342773,al,156.7552089691162
l,88.78374099731445,ll,162.4431610107422
 ,41.14961624145508,l ,129.93335723876953
c,117.56181716918944, c,158.71143341064453
o,55.96756935119629,co,173.52938652038574
m,104.83431816101074,om,160.80188751220703
e,55.83095550537109,me,160.66527366638184
 ,59.76700782775879,e ,115.59796333312988
n,115.38434028625488, n,175.15134811401367
e,41.91207885742188,ne,157.29641914367676
a,44.40641403198242,ea,86.3184928894043
r,72.32379913330078,ar,116.7302131652832
 ,14.98699188232422,r ,87.310791015625
t,101.85050964355467, t,116.8375015258789
o,57.12461471557617,to,158.97512435913086
 ,59.08417701721192,o ,116.20879173278809
t,98.73771667480467, t,157.8218936920166
h,28.480052947998047,th,127.21776962280272
e,42.89484024047852,he,71.37489318847656
 ,61.492919921875,e ,104.38776016235352
L,143.27573776245117, L,204.76865768432617
O,74.77927207946777,LO,218.0550098419189
R,70.40071487426758,OR,145.17998695373535
D,29.21438217163086,RD,99.61509704589844
",",203.5818099975586,"D,",232.79619216918945
 ,133.4433555603027,", ",337.0251655578613
t,40.430307388305664,ut,139.5576000213623
 ,29.831409454345703,t ,70.26171684265137
t,116.57428741455078, t,146.40569686889648
h,13.65804672241211,th,130.2323341369629
e,28.311967849731445,he,41.97001457214356
y,46.723365783691406,ey,75.03533363342285
 ,42.09685325622559,y ,88.82021903991699
s,88.28115463256836, s,130.37800788879397
h,41.320085525512695,sh,129.60124015808103
a,73.8990306854248,ha,115.2191162109375
l,56.946516036987305,al,130.8455467224121
l,118.44873428344728,ll,175.39525032043457
 ,29.01220321655273,l ,147.4609375
n,129.46486473083496, n,158.4770679473877
o,43.5175895690918,no,172.98245429992676
t,73.85373115539551,ot,117.3713207244873
 ,28.19252014160156,t ,102.04625129699708
c,116.49680137634276, c,144.68932151794434
o,45.232534408569336,co,161.7293357849121
m,95.93558311462402,om,141.16811752319336
e,57.78241157531738,me,153.7179946899414
 ,28.939008712768555,e ,86.72142028808594
n,103.11365127563477, n,132.05265998840332
e,72.90244102478027,ne,176.01609230041504
a,27.16350555419922,ea,100.06594657897948
r,58.59637260437012,ar,85.75987815856934
.,102.07629203796388,r.,160.67266464233398
 ,44.8908805847168,. ,146.96717262268066
T,144.6988582611084, T,189.5897388458252
h,114.98808860778809,Th,259.6869468688965
e,44.82579231262207,he,159.81388092041016
 ,87.4929428100586,e ,132.31873512268066
p,116.6861057281494, p,204.179048538208
e,57.80625343322754,pe,174.49235916137695
o,1.0008811950683594,eo,58.8071346282959
p,141.30163192749023,op,142.3025131225586
l,12.184381484985352,pl,153.4860134124756
e,88.08541297912598,le,100.26979446411131
 ,101.03368759155272,e ,189.1191005706787
s,377.3965835571289, s,478.4302711486816
h,13.137102127075195,sh,390.5336856842041
a,29.336929321289062,ha,42.47403144836426
l,118.41630935668944,al,147.75323867797852
l,70.99390029907227,ll,189.4102096557617
 ,73.27079772949219,l ,144.26469802856445
n,344.07496452331543, n,417.3457622528076
o,71.87032699584961,no,415.945291519165
t,43.5025691986084,ot,115.372896194458
 ,59.8912239074707,t ,103.3937931060791
g,86.11130714416504, g,146.00253105163574
o,58.12311172485352,go,144.23441886901855
 ,75.78468322753906,o ,133.90779495239258
u,228.09147834777832, u,303.8761615753174
p,159.32607650756836,up,387.4175548553467
 ,29.01697158813477,p ,188.34304809570312
w,213.3777141571045, w,242.3946857452393
i,100.92329978942873,wi,314.3010139465332
t,59.45491790771485,it,160.37821769714355
h,13.645648956298828,th,73.10056686401367
 ,57.897090911865234,h ,71.54273986816406
h,89.2331600189209, h,147.13025093078613
i,73.74811172485352,hi,162.9812717437744
m,70.21522521972656,im,143.96333694458008
.,72.94511795043945,m.,143.16034317016602
"""",145.09201049804688,".""",218.0371284484864
s,42.69742965698242,os,129.3795108795166
e,87.64314651489258,se,130.340576171875
s,43.546199798583984,es,131.18934631347656
 ,42.97089576721192,s ,86.5170955657959
c,144.5631980895996, c,187.53409385681152
a,46.16522789001465,ca,190.72842597961423
m,102.55098342895508,am,148.71621131896973
e,25.705575942993164,me,128.25655937194824
 ,89.30683135986328,e ,115.01240730285645
a,28.09309959411621, a,117.39993095397948
n,58.47787857055664,an,86.57097816467285
d,57.12532997131348,nd,115.60320854187012
 ,13.833045959472656,d ,70.95837593078613
t,143.64194869995117, t,157.47499465942383
o,90.30938148498537,to,233.95133018493647
l,55.129051208496094,ol,145.43843269348145
d,28.200626373291016,ld,83.32967758178711
 ,15.732526779174805,d ,43.93315315246582
t,203.26948165893555, t,219.00200843811035
e,60.03499031066895,he,99.2124080657959
 ,57.00135231018066,e ,117.0363426208496
p,174.93414878845215, p,231.9355010986328
e,56.98919296264648,pe,231.92334175109863
o,71.17915153503418,eo,128.16834449768066
p,90.40474891662598,op,161.58390045166016
l,56.38933181762695,pl,146.79408073425293
e,87.31293678283691,le,143.70226860046387
 ,87.18466758728027,e ,174.4976043701172
a,72.11804389953613, a,159.3027114868164
l,58.57491493225098,al,130.6929588317871
l,116.4088249206543,ll,174.98373985290527
 ,45.1815128326416,l ,161.5903377532959
t,99.42126274108888, t,144.60277557373047
h,15.257596969604492,th,114.67885971069336
e,0.6506443023681641,he,15.908241271972656
 ,69.04816627502441,e ,69.69881057739258
L,158.48994255065918, L,227.5381088256836
O,87.91279792785645,LO,246.4027404785156
R,43.32542419433594,OR,131.23822212219238
D,42.56439208984375,RD,85.88981628417969
',276.9627571105957,D',319.52714920043945
s,44.979095458984375,'s,321.9418525695801
 ,42.03557968139648,s ,87.01467514038086
w,116.13941192626952, w,158.17499160766602
o,61.19680404663086,wo,177.3362159729004
r,55.51719665527344,or,116.7140007019043
d,42.940378189086914,rd,98.45757484436037
s,140.61355590820312,ds,183.55393409729004
",",58.188676834106445,"s,",198.8022327423096
 ,29.627084732055664,", ",87.81576156616211
a,146.86965942382812, a,176.4967441558838
n,28.142452239990234,an,175.01211166381836
d,57.817697525024414,nd,85.96014976501465
 ,13.194084167480469,d ,71.01178169250488
a,132.6587200164795, a,145.85280418395996
l,72.26347923278809,al,204.9221992492676
l,117.2809600830078,ll,189.5444393157959
 ,28.41353416442871,l ,145.69449424743652
t,87.22710609436035, t,115.64064025878906
h,29.9224853515625,th,117.14959144592284
e,29.90984916687012,he,59.83233451843262
 ,40.62891006469727,e ,70.53875923156738
o,103.26004028320312, o,143.8889503479004
r,86.69161796569824,or,189.95165824890137
d,128.33452224731445,rd,215.0261402130127
i,99.71952438354492,di,228.05404663085932
n,59.21244621276856,in,158.93197059631348
a,72.62969017028809,na,131.84213638305664
n,57.59906768798828,an,130.22875785827637
c,44.17300224304199,nc,101.77206993103027
e,43.86329650878906,ce,88.03629875183105
s,103.90067100524902,es,147.7639675140381
;,57.04641342163086,s;,160.94708442687988
 ,86.46249771118164,; ,143.5089111328125
a,72.6921558380127, a,159.15465354919434
n,42.62590408325195,an,115.31805992126463
d,28.790950775146484,nd,71.41685485839844
 ,14.775753021240234,d ,43.56670379638672
a,117.7365779876709, a,132.51233100891113
l,43.13111305236816,al,160.86769104003906
l,130.7673454284668,ll,173.89845848083496
 ,15.241861343383787,l ,146.0092067718506
t,112.56647109985352, t,127.8083324432373
h,12.55655288696289,th,125.1230239868164
e,58.624267578125,he,71.18082046508789
 ,73.42958450317383,e ,132.05385208129883
p,144.7458267211914, p,218.17541122436523
e,58.53414535522461,pe,203.279972076416
o,57.51156806945801,eo,116.04571342468262
p,87.30340003967285,op,144.81496810913086
l,44.43526268005371,pl,131.73866271972656
e,103.24501991271973,le,147.68028259277344
 ,85.37149429321289,e ,188.61651420593265
a,74.42450523376465, a,159.79599952697754
n,85.83259582519531,an,160.25710105895996
s,57.196855545043945,ns,143.02945137023926
w,155.92551231384277,sw,213.12236785888672
e,44.34394836425781,we,200.2694606781006
r,86.11631393432617,er,130.46026229858398
e,43.50924491882324,re,129.6255588531494
d,61.65361404418945,ed,105.1628589630127
 ,39.77608680725098,d ,101.42970085144044
w,132.08508491516113, w,171.8611717224121
i,58.55822563171387,wi,190.643310546875
t,71.1526870727539,it,129.71091270446777
h,13.862371444702148,th,85.01505851745605
 ,31.26049041748047,h ,45.12286186218262
o,86.49015426635742, o,117.75064468383788
n,87.5554084777832,on,174.04556274414062
e,87.09311485290527,ne,174.64852333068848
 ,73.12154769897461,e ,160.21466255187988
v,115.33355712890624, v,188.4551048278809
o,42.51790046691895,vo,157.8514575958252
i,70.6334114074707,oi,113.15131187438963
c,43.96700859069824,ic,114.60041999816896
e,57.9524040222168,ce,101.91941261291504
",",58.77804756164551,"e,",116.7304515838623
 ,74.20492172241211,", ",132.98296928405762
a,69.63276863098145, a,143.83769035339355
n,44.25621032714844,an,113.88897895812988
d,28.411865234375,nd,72.66807556152344
 ,29.13808822631836,d ,57.54995346069336
s,87.80336380004883, s,116.9414520263672
a,43.46346855163574,sa,131.26683235168457
i,44.2194938659668,ai,87.68296241760254
d,60.22500991821289,id,104.44450378417967
",",42.03605651855469,"d,",102.26106643676758
 ,88.13667297363281,", ",130.1727294921875
"""",185.7445240020752," """,273.881196975708
A,200.4189491271973,"""A",386.16347312927246
l,90.82388877868652,Al,291.2428379058838
l,112.85519599914552,ll,203.67908477783203
 ,29.62803840637207,l ,142.48323440551758
t,117.14959144592284, t,146.77762985229492
h,12.013673782348633,th,129.16326522827148
e,43.87164115905762,he,55.88531494140625
 ,31.24856948852539,e ,75.12021064758301
w,130.35917282104492, w,161.6077423095703
o,70.96648216247559,wo,201.3256549835205
r,56.96845054626465,or,127.93493270874023
d,45.08829116821289,rd,102.05674171447754
s,88.14001083374023,ds,133.22830200195312
 ,43.54977607727051,s ,131.68978691101074
w,158.26892852783203, w,201.8187046051025
h,44.49772834777832,wh,202.76665687561035
i,58.60185623168945,hi,103.09958457946776
c,69.07868385314941,ic,127.68054008483888
h,1.537322998046875,ch,70.61600685119629
 ,57.508230209350586,h ,59.04555320739746
t,174.57151412963867, t,232.0797443389893
h,11.014461517333984,th,185.58597564697263
e,60.08982658386231,he,71.10428810119629
 ,73.97580146789551,e ,134.0656280517578
R,58.38704109191895,OR,158.45847129821777
D,29.788970947265625,RD,88.17601203918457
 ,57.923316955566406,D ,87.71228790283203
h,719.7308540344238, h,777.6541709899902
a,130.0194263458252,ha,849.750280380249
s,57.75642395019531,as,187.7758502960205
 ,44.283151626586914,s ,102.03957557678224
o,45.72319984436035,po,102.0822525024414
k,115.82136154174805,ok,161.5445613861084
e,57.78098106384277,ke,173.60234260559082
n,103.6381721496582,en,161.41915321350098
 ,40.9238338470459,n ,144.5620059967041
w,160.18986701965332, w,201.1137008666992
l,117.15912818908691,ll,188.9491081237793
 ,42.53363609313965,l ,159.69276428222656
w,129.8534870147705, w,172.38712310791016
e,13.83686065673828,we,143.6903476715088
 ,29.899120330810547,e ,43.73598098754883
d,117.48170852661131, d,147.38082885742188
o,56.68878555297852,do,174.17049407958984
.,59.169769287109375,o.,115.85855484008788
"""",184.1261386871338,".""",243.2959079742432
s,42.36912727355957,os,145.17498016357422
e,88.97709846496582,se,131.3462257385254
s,27.59718894958496,es,116.57428741455078
 ,58.1662654876709,s ,85.76345443725586
w,129.99916076660156, w,188.1654262542725
r,132.32421875,wr,262.3233795166016
o,58.77256393432617,ro,191.09678268432617
t,57.81841278076172,ot,116.59097671508788
e,58.04443359375,te,115.86284637451172
 ,101.70245170593262,e ,159.74688529968262
a,12.705087661743164, a,114.40753936767578
l,127.01892852783205,al,139.7240161895752
l,101.8364429473877,ll,228.85537147521973
 ,29.26826477050781,l ,131.1047077178955
t,101.95636749267578, t,131.2246322631836
h,42.781829833984375,th,144.73819732666016
e,13.378143310546877,he,56.15997314453125
 ,30.47013282775879,e ,43.848276138305664
L,174.55792427062988, L,205.02805709838867
O,88.58752250671387,LO,263.1454467773437
R,42.537689208984375,OR,131.12521171569824
D,57.30032920837402,RD,99.8380184173584
',275.64239501953125,D',332.9427242279053
s,14.024734497070312,'s,289.6671295166016
 ,43.48134994506836,s ,57.50608444213867
w,128.73458862304688, w,172.21593856811523
o,72.47114181518555,wo,201.2057304382324
r,57.79218673706055,or,130.2633285522461
d,57.52229690551758,rd,115.31448364257812
s,116.42122268676758,ds,173.94351959228516
",",27.5571346282959,"s,",143.97835731506348
 ,74.89442825317383,", ",102.45156288146973
t,101.0735034942627, t,175.96793174743652
h,28.484582901000977,th,129.55808639526367
e,44.10433769226074,he,72.58892059326172
n,31.15177154541016,en,75.2561092376709
 ,72.2651481628418,n ,103.41691970825195
r,129.97961044311523, r,202.24475860595703
o,60.77384948730469,ro,190.75345993041992
s,68.83382797241211,os,129.6076774597168
e,45.35841941833496,se,114.19224739074708
 ,102.3557186126709,e ,147.71413803100586
u,51.44047737121582, u,153.79619598388672
p,160.48097610473633,up,211.9214534759521
 ,28.73826026916504,p ,189.21923637390137
e,102.24318504333496, e,130.9814453125
a,44.46864128112793,ea,146.7118263244629
r,12.656450271606444,ar,57.125091552734375
l,59.137821197509766,rl,71.79427146911621
y,87.26930618286133,ly,146.4071273803711
 ,73.13752174377441,y ,160.40682792663574
i,72.32022285461426, i,145.45774459838867
n,58.785438537597656,in,131.1056613922119
 ,28.80573272705078,n ,87.59117126464844
t,116.24741554260254, t,145.05314826965332
h,13.44156265258789,th,129.68897819519043
e,15.583276748657228,he,29.02483940124512
 ,59.55314636230469,e ,75.13642311096191
m,128.93009185791016, m,188.48323822021484
o,70.81890106201172,mo,199.74899291992188
r,26.601791381835938,or,97.42069244384766
n,160.905122756958,rn,187.506914138794
i,56.61463737487793,ni,217.519760131836
n,44.90327835083008,in,101.517915725708
g,43.00904273986816,ng,87.91232109069824
 ,13.63825798034668,g ,56.64730072021485
a,118.43037605285645, a,132.06863403320312
n,28.22732925415039,an,146.65770530700684
d,29.3886661529541,nd,57.61599540710449
 ,28.3660888671875,d ,57.7547550201416
b,147.3982334136963, b,175.7643222808838
u,56.90240859985352,bu,204.3006420135498
i,118.57366561889648,ui,175.47607421875
l,1.1382102966308594,il,119.71187591552734
t,129.66346740722656,lt,130.80167770385742
 ,41.214704513549805,t ,170.87817192077637
a,44.57354545593262, a,85.78824996948242
n,82.98563957214355,an,127.55918502807616
 ,44.23069953918457,n ,127.21633911132812
a,70.71995735168457, a,114.95065689086914
l,44.44432258605957,al,115.16427993774414
t,130.39231300354004,lt,174.8366355895996
a,73.51469993591309,ta,203.90701293945312
r,43.4420108795166,ar,116.95671081542967
 ,57.6784610748291,r ,101.1204719543457
a,60.7149600982666, a,118.3934211730957
t,55.66143989562988,at,116.37639999389648
 ,43.48325729370117,t ,99.14469718933104
t,101.48763656616212, t,144.97089385986328
h,14.490127563476562,th,115.97776412963869
e,29.01005744934082,he,43.50018501281738
 ,43.75624656677246,e ,72.76630401611328
b,132.7228546142578, b,176.47910118103027
a,56.91337585449219,ba,189.63623046875
s,28.66983413696289,as,85.58320999145508
e,112.77151107788086,se,141.44134521484375
 ,73.1804370880127,e ,185.95194816589355
o,434.16380882263184, o,507.3442459106445
f,71.3202953338623,of,505.4841041564941
 ,28.76448631286621,f ,100.08478164672852
t,117.8433895111084, t,146.6078758239746
h,13.64898681640625,th,131.49237632751465
e,29.28996086120605,he,42.93894767761231
 ,59.77129936218262,e ,89.06126022338867
m,100.76594352722168, m,160.5372428894043
o,29.04391288757324,mo,129.80985641479492
u,45.72725296020508,ou,74.77116584777832
n,55.12380599975586,un,100.85105895996094
t,127.4104118347168,nt,182.53421783447263
a,45.24779319763184,ta,172.65820503234863
i,44.24095153808594,ai,89.48874473571777
n,57.01327323913574,in,101.25422477722168
",",115.8883571624756,"n,",172.90163040161133
 ,86.98058128356934,", ",202.8689384460449
w,158.21194648742676, w,245.1925277709961
i,73.58837127685547,wi,231.80031776428223
t,57.4345588684082,it,131.02293014526367
h,29.52814102172852,th,86.96269989013672
 ,45.41325569152832,h ,74.94139671325684
t,187.35146522521973, t,232.76472091674805
w,158.89453887939453,tw,346.24600410461426
e,84.13195610046387,we,243.0264949798584
l,26.3211727142334,el,110.45312881469728
v,160.8176231384277,lv,187.1387958526612
e,57.58547782897949,ve,218.40310096740723
 ,103.01995277404784,e ,160.60543060302734
p,41.65291786193848, p,144.67287063598633
i,118.70479583740234,pi,160.35771369934082
l,42.60015487670898,il,161.30495071411133
l,131.28280639648438,ll,173.88296127319336
a,73.24934005737305,la,204.53214645385745
r,71.42519950866699,ar,144.67453956604004
s,116.78409576416016,rs,188.20929527282715
 ,42.85573959350586,s ,159.63983535766602
f,103.3029556274414, f,146.1586952209473
o,69.0464973449707,fo,172.3494529724121
r,11.552095413208008,or,80.59859275817871
 ,43.67542266845703,r ,55.22751808166504
t,101.95493698120116, t,145.6303596496582
h,14.946937561035156,th,116.90187454223631
e,73.95458221435547,he,88.90151977539062
 ,28.853416442871094,e ,102.80799865722656
t,130.65814971923828, t,159.51156616210938
w,159.58881378173828,tw,290.24696350097656
e,57.13486671447754,we,216.72368049621585
l,58.18533897399902,el,115.32020568847656
v,175.2774715423584,lv,233.46281051635745
e,43.28584671020508,ve,218.56331825256348
 ,73.26555252075195,e ,116.55139923095705
t,158.83827209472656, t,232.1038246154785
r,140.4252052307129,tr,299.26347732543945
i,102.27656364440918,ri,242.70176887512207
b,28.533935546875,ib,130.81049919128418
e,88.88936042785645,be,117.42329597473145
s,0.4613399505615234,es,89.35070037841797
 ,56.45298957824707,s ,56.914329528808594
o,101.94993019104004, o,158.4029197692871
f,143.8589096069336,of,245.80883979797363
 ,30.118227005004883,f ,173.97713661193848
I,173.12955856323242, I,203.2477855682373
s,88.96541595458984,Is,262.09497451782227
r,144.05584335327148,sr,233.02125930786133
a,28.641700744628903,ra,172.6975440979004
.,57.97696113586426,l.,158.65802764892578
 ,57.79218673706055,e ,173.44427108764648
s,102.28276252746582, s,160.07494926452637
e,71.57111167907715,se,173.85387420654297
n,44.6476936340332,en,116.21880531311037
t,42.10567474365234,nt,86.75336837768555
 ,44.93308067321777,t ,87.03875541687012
y,187.7355575561524, y,232.6686382293701
o,58.93683433532715,yo,246.6723918914795
u,68.10212135314941,ou,127.03895568847656
n,28.60426902770996,un,96.70639038085938
g,43.92862319946289,ng,72.53289222717285
 ,29.636144638061523,g ,73.56476783752441
m,131.8056583404541, m,161.44180297851562
e,27.89306640625,me,159.6987247467041
n,72.30424880981445,en,100.19731521606444
 ,44.06332969665527,n ,116.36757850646973
o,15.076160430908203, o,59.13949012756348
f,101.60541534423828,of,116.68157577514648
 ,15.172719955444336,f ,116.77813529968262
t,116.5623664855957, t,131.73508644104004
h,14.22405242919922,th,130.78641891479492
e,28.43308448791504,he,42.65713691711426
 ,61.19155883789063,e ,89.62464332580566
c,114.12763595581056, c,175.31919479370117
h,28.28526496887207,ch,142.41290092468262
i,232.17082023620603,hi,260.4560852050781
r,131.64710998535156,dr,159.38663482666016
e,55.59730529785156,re,187.24441528320312
n,83.90951156616211,en,139.50681686401367
 ,30.503273010253903,n ,114.41278457641602
o,43.23935508728027, o,73.74262809753418
f,102.4017333984375,of,145.64108848571777
 ,14.764070510864258,f ,117.16580390930176
I,131.26730918884277, I,146.03137969970703
s,101.08590126037598,Is,232.35321044921875
r,146.81673049926758,sr,247.90263175964355
a,40.952444076538086,ra,187.7691745758057
e,74.27549362182617,ae,115.22793769836426
l,12.386798858642578,el,86.66229248046875
",",162.25004196166992,"l,",174.6368408203125
 ,27.729272842407227,", ",189.97931480407715
w,145.00761032104492, w,172.73688316345215
h,14.262676239013672,wh,159.2702865600586
o,71.0599422454834,ho,85.32261848449707
 ,27.39500999450684,o ,98.45495223999023
o,101.72128677368164, o,129.11629676818848
f,58.54058265686035,of,160.261869430542
f,130.88011741638184,ff,189.4207000732422
e,42.94848442077637,fe,173.8286018371582
r,74.23853874206543,er,117.1870231628418
e,71.3653564453125,re,145.60389518737793
d,30.118465423583984,ed,101.48382186889648
 ,41.71943664550781,d ,71.8379020690918
b,132.38811492919922, b,174.10755157470703
u,72.56555557250977,bu,204.95367050170896
r,15.073060989379885,ur,87.63861656188965
n,158.0026149749756,rn,173.07567596435547
t,13.584375381469728,nt,171.5869903564453
 ,30.43389320373535,t ,44.01826858520508
o,88.24801445007324, o,118.6819076538086
f,68.06540489196777,of,156.31341934204102
f,117.6133155822754,ff,185.6787204742432
e,44.57688331604004,fe,162.19019889831543
r,27.06027030944824,er,71.63715362548828
i,115.20075798034668,ri,142.26102828979492
n,30.442237854003903,in,145.6429958343506
g,27.927637100219727,ng,58.36987495422363
s,29.11520004272461,gs,57.042837142944336
 ,60.12558937072754,s ,89.24078941345215
a,55.52434921264648, a,115.64993858337402
n,74.71704483032227,an,130.24139404296875
d,12.95924186706543,nd,87.6762866973877
 ,47.42074012756348,d ,60.379981994628906
s,85.3583812713623, s,132.77912139892578
a,73.60577583312988,sa,158.9641571044922
c,72.76725769042969,ac,146.37303352355957
r,73.03547859191895,cr,145.80273628234863
i,41.79811477661133,ri,114.83359336853027
f,90.8663272857666,if,132.66444206237793
i,66.46323204040527,fi,157.32955932617188
c,42.42110252380371,ic,108.88433456420898
e,74.82242584228516,ce,117.24352836608888
d,69.23770904541016,ed,144.0601348876953
 ,31.94737434387207,d ,101.18508338928224
p,71.45953178405762, p,103.40690612792967
e,43.72525215148926,pe,115.18478393554688
a,57.46793746948242,ea,101.19318962097168
c,58.99763107299805,ac,116.46556854248048
e,73.23980331420898,ce,132.23743438720703
 ,57.33156204223633,e ,130.5713653564453
o,73.4713077545166, o,130.80286979675293
f,87.50081062316895,of,160.97211837768555
f,115.06915092468262,ff,202.5699615478516
e,28.819561004638672,fe,143.8887119293213
r,47.62983322143555,er,76.44939422607422
i,127.72440910339355,ri,175.3542423248291
n,12.28785514831543,in,140.01226425170898
g,30.48253059387207,ng,42.7703857421875
s,54.83865737915039,gs,85.32118797302246
 ,31.27312660217285,s ,86.11178398132324
o,86.68828010559082, o,117.96140670776369
f,86.93456649780273,of,173.62284660339355
 ,27.6181697845459,f ,114.55273628234865
c,188.5802745819092, c,216.19844436645508
a,103.57284545898438,ca,292.15312004089355
t,57.004690170288086,at,160.57753562927246
t,130.53441047668457,tt,187.53910064697263
l,13.748884201049805,tl,144.28329467773438
e,58.06112289428711,le,71.81000709533691
 ,88.62590789794922,e ,146.68703079223633
t,116.57929420471191, t,205.2052021026612
o,55.81307411193848,to,172.3923683166504
 ,16.600370407104492,o ,72.41344451904297
t,113.09170722961426, t,129.69207763671875
h,19.208192825317383,th,132.29990005493164
e,37.37330436706543,he,56.58149719238281
 ,72.72768020629883,e ,110.10098457336426
L,146.52657508850098, L,219.2542552947998
O,55.54509162902832,LO,202.0716667175293
R,75.80184936523438,OR,131.3469409942627
D,27.0082950592041,RD,102.81014442443848
.,203.37700843811035,D.,230.38530349731445
s,57.29341506958008,os,132.7512264251709
e,72.15380668640137,se,129.44722175598145
s,58.173418045043945,es,130.3272247314453
 ,44.47579383850098,s ,102.64921188354492
t,101.78542137145996, t,146.26121520996094
o,57.96074867248535,to,159.7461700439453
o,102.31852531433104,oo,160.2792739868164
k,28.03659439086914,ok,130.3551197052002
 ,71.46334648132324,k ,99.49994087219238
h,87.98694610595703, h,159.45029258728027
a,58.9137077331543,ha,146.90065383911133
l,58.63571166992188,al,117.54941940307616
f,28.82623672485352,lf,87.46194839477539
 ,45.89247703552246,f ,74.71871376037598
o,54.825544357299805, o,100.71802139282228
f,73.43649864196777,of,128.26204299926758
 ,24.95980262756348,f ,98.39630126953124
t,131.27422332763672, t,156.2340259552002
h,27.878522872924805,th,159.15274620056152
e,14.57524299621582,he,42.45376586914063
 ,43.81275177001953,e ,58.38799476623535
b,117.49482154846191, b,161.30757331848145
l,30.166149139404297,bl,147.6609706878662
o,58.948516845703125,lo,89.11466598510742
o,101.12905502319336,oo,160.07757186889648
d,40.86637496948242,od,141.99542999267578
 ,14.975309371948242,d ,55.84168434143066
a,88.56081962585449, a,103.53612899780272
n,43.52450370788574,an,132.08532333374023
d,29.42824363708496,nd,72.9527473449707
 ,27.74834632873535,d ,57.17658996582031
p,102.28300094604492, p,130.03134727478027
u,102.48613357543944,pu,204.7691345214844
t,42.55843162536621,ut,145.04456520080566
 ,44.65484619140625,t ,87.21327781677246
i,98.05083274841309, i,142.70567893981934
t,43.660640716552734,it,141.71147346496582
 ,42.33527183532715,t ,85.99591255187988
i,73.49324226379395, i,115.8285140991211
n,71.72250747680664,in,145.2157497406006
 ,45.85981369018555,n ,117.5823211669922
b,145.14565467834473, b,191.00546836853027
a,56.42437934875488,ba,201.5700340270996
s,59.56172943115234,as,115.98610877990724
i,85.46996116638184,si,145.03169059753418
",",58.202505111694336,"s,",86.68279647827148
 ,72.77750968933105,", ",130.9800148010254
a,58.20512771606445, a,130.9826374053955
n,43.93911361694336,an,102.1442413330078
d,42.783498764038086,nd,86.72261238098145
 ,43.04957389831543,d ,85.83307266235352
h,119.2471981048584, h,162.29677200317383
a,72.17836380004883,ha,191.42556190490723
l,56.94460868835449,al,129.12297248840332
f,42.269229888916016,lf,99.21383857727052
 ,46.50235176086426,f ,88.77158164978027
o,114.79783058166504, o,161.3001823425293
f,85.48092842102051,of,200.27875900268555
 ,41.26381874084473,f ,126.74474716186523
t,132.1702003479004, t,173.43401908874512
h,11.376619338989258,th,143.54681968688965
e,45.44472694396973,he,56.82134628295898
 ,45.97973823547363,e ,91.42446517944336
b,128.27062606811523, b,174.25036430358887
l,28.99956703186035,bl,157.2701930999756
o,44.69037055969238,lo,73.68993759155273
o,130.44118881225586,oo,175.13155937194824
d,42.4184799194336,od,172.85966873168945
 ,30.521631240844727,d ,72.94011116027832
h,132.52019882202148, h,163.0418300628662
e,41.34225845336914,he,173.86245727539062
 ,130.41257858276367,e ,171.7548370361328
s,174.41129684448242, s,304.8238754272461
p,184.0870380401612,sp,358.49833488464355
r,101.09305381774902,pr,285.18009185791016
i,103.57666015625,ri,204.66971397399905
n,83.36472511291504,in,186.94138526916504
k,90.38591384887695,nk,173.750638961792
l,85.82186698913574,kl,176.2077808380127
e,57.81149864196777,le,143.63336563110352
d,58.34174156188965,ed,116.15324020385742
 ,29.033899307250977,d ,87.37564086914062
o,87.63432502746582, o,116.6682243347168
n,58.16769599914551,on,145.80202102661133
 ,43.61557960510254,n ,101.78327560424805
t,87.76426315307617, t,131.3798427581787
h,28.226375579833984,th,115.99063873291016
e,14.266729354858398,he,42.49310493469238
 ,69.77558135986328,e ,84.04231071472168
a,59.03124809265137, a,128.80682945251465
l,56.77413940429688,al,115.80538749694824
t,116.9719696044922,lt,173.74610900878906
a,72.02792167663574,ta,188.999891281128
r,58.6094856262207,ar,130.63740730285645
.,71.6407299041748,r.,130.2502155303955
 ,87.45002746582031,e ,158.99014472961426
t,116.61100387573242, t,204.0610313415528
o,29.673337936401367,to,146.2843418121338
o,115.59629440307616,oo,145.26963233947754
k,29.151201248168945,ok,144.74749565124512
 ,58.52699279785156,k ,87.67819404602051
t,188.52972984313965, t,247.0567226409912
h,42.4501895904541,th,230.9799194335937
e,56.99753761291504,he,99.44772720336914
 ,88.42992782592773,e ,145.42746543884277
b,155.0908088684082, b,243.520736694336
o,45.15480995178223,bo,200.24561882019043
o,115.41414260864258,oo,160.5689525604248
k,29.42490577697754,ok,144.83904838562012
 ,58.25209617614746,k ,87.677001953125
o,102.308988571167, o,160.56108474731445
f,27.95267105102539,of,130.26165962219238
 ,12.964487075805664,f ,40.917158126831055
t,133.0561637878418, t,146.02065086364746
h,12.982606887817385,th,146.03877067565918
e,30.353546142578125,he,43.33615303039551
 ,58.953046798706055,e ,89.30659294128418
c,115.8592700958252, c,174.81231689453125
o,58.46834182739258,co,174.32761192321777
v,87.96215057373047,ov,146.43049240112305
e,57.30962753295898,ve,145.27177810668945
n,87.72945404052734,en,145.03908157348633
a,58.67505073547363,na,146.40450477600098
n,67.03972816467285,an,125.71477890014648
t,13.485193252563477,nt,80.52492141723633
 ,29.507875442504883,t ,42.99306869506836
a,87.21113204956055, a,116.71900749206544
n,44.29316520690918,an,131.50429725646973
d,14.607906341552734,nd,58.90107154846192
 ,29.877901077270508,d ,44.48580741882324
r,117.5687313079834, r,147.4466323852539
e,56.29754066467285,re,173.86627197265625
a,14.850139617919922,ea,71.14768028259277
d,72.59321212768555,ad,87.44335174560547
 ,14.742136001586914,d ,87.33534812927246
i,73.7154483795166, i,88.45758438110352
t,58.22014808654785,it,131.93559646606445
 ,58.917999267578125,t ,117.13814735412598
i,113.97480964660645, i,172.89280891418457
n,58.86340141296387,in,172.8382110595703
 ,43.706655502319336,n ,102.5700569152832
t,88.12260627746582, t,131.82926177978516
h,41.39375686645508,th,129.5163631439209
e,15.823125839233398,he,57.21688270568848
 ,44.425249099731445,e ,60.24837493896485
h,113.10553550720216, h,157.5307846069336
e,56.578874588012695,he,169.68441009521484
a,14.272212982177734,ea,70.85108757019043
r,45.52674293518066,ar,59.7989559173584
i,86.0908031463623,ri,131.61754608154297
n,44.4936752319336,in,130.5844783782959
g,27.869462966918945,ng,72.36313819885254
 ,46.60224914550781,g ,74.47171211242676
o,70.39713859558105, o,116.99938774108888
f,101.58014297485352,of,171.97728157043457
 ,47.49941825866699,f ,149.0795612335205
t,127.74276733398438, t,175.24218559265137
h,27.10843086242676,th,154.85119819641113
e,58.25972557067871,he,85.36815643310547
 ,88.78231048583984,e ,147.04203605651855
p,146.24714851379397, p,235.0294589996338
e,42.54341125488281,pe,188.7905597686768
o,46.199798583984375,eo,88.74320983886719
p,109.93146896362305,op,156.13126754760742
l,12.684822082519531,pl,122.61629104614258
e,76.60794258117676,le,89.29276466369629
",",55.846452713012695,"e,",132.45439529418945
 ,103.02114486694336,", ",158.86759757995603
a,187.0172023773193, a,290.0383472442627
n,57.694196701049805,an,244.7113990783692
d,43.50805282592773,nd,101.20224952697754
 ,29.14714813232422,d ,72.65520095825195
t,131.72483444213867, t,160.8719825744629
h,13.931512832641602,th,145.65634727478027
e,29.53529357910156,he,43.46680641174317
y,89.23506736755371,ey,118.77036094665527
 ,86.2572193145752,y ,175.4922866821289
s,87.19921112060547, s,173.45643043518066
a,56.108713150024414,sa,143.30792427062988
i,42.066335678100586,ai,98.175048828125
d,70.8932876586914,id,112.959623336792
",",58.295488357543945,"d,",129.18877601623535
 ,60.55736541748047,", ",118.8528537750244
"""",142.97866821289062," """,203.5360336303711
W,217.360258102417,"""W",360.3389263153076
e,57.802677154541016,We,275.162935256958
 ,88.15860748291016,e ,145.96128463745117
w,102.20170021057127, w,190.36030769348145
i,57.29341506958008,wi,159.49511528015137
l,88.1648063659668,il,145.45822143554688
l,115.98777770996094,ll,204.1525840759277
 ,42.803049087524414,l ,158.79082679748535
d,112.92481422424316, d,155.72786331176758
o,27.721643447875977,do,140.64645767211914
 ,74.75018501281738,o ,102.47182846069336
a,87.63694763183594, a,162.38713264465332
l,71.16079330444336,al,158.7977409362793
l,116.81127548217772,ll,187.9720687866211
 ,29.488563537597656,l ,146.2998390197754
t,99.1818904876709, t,128.67045402526855
h,29.957294464111328,th,129.13918495178223
a,44.24238204956055,ha,74.19967651367188
t,102.27775573730467,at,146.52013778686523
 ,42.67477989196777,t ,144.95253562927246
t,86.44914627075195, t,129.12392616271973
h,29.066085815429688,th,115.51523208618164
e,31.42881393432617,he,60.49489974975586
 ,41.323184967041016,e ,72.75199890136719
L,171.61154747009277, L,212.9347324371338
O,87.13173866271973,LO,258.7432861328125
R,42.852163314819336,OR,129.98390197753906
D,44.254302978515625,RD,87.10646629333496
 ,45.39632797241211,D ,89.65063095092773
h,161.00740432739258, h,206.4037322998047
a,112.1835708618164,ha,273.190975189209
s,59.62347984313965,as,171.80705070495603
 ,43.52998733520508,s ,103.15346717834473
s,129.55689430236816, s,173.08688163757324
a,43.63369941711426,sa,173.19059371948242
i,45.04275321960449,ai,88.67645263671875
d,59.07773971557617,id,104.12049293518066
",",72.0674991607666,"d,",131.14523887634277
 ,56.98037147521973,", ",129.04787063598633
a,87.80717849731445, a,144.78754997253418
n,42.0379638671875,an,129.84514236450195
d,26.709556579589844,nd,68.74752044677734
 ,28.34630012512207,d ,55.05585670471192
b,146.20280265808103, b,174.54910278320312
e,57.830095291137695,be,204.03289794921875
 ,76.0030746459961,e ,133.8331699371338
o,0.5292892456054688, o,76.53236389160156
b,228.33681106567383,ob,228.8661003112793
e,101.90248489379884,be,330.23929595947266
d,173.10690879821777,ed,275.0093936920166
i,357.64408111572266,di,530.7509899139404
e,28.785228729248047,ie,386.4293098449707
n,74.23281669616699,en,103.01804542541504
t,28.49984169006348,nt,102.73265838623048
.,115.36574363708496,t.,143.86558532714844
"""",146.16060256958008,".""",261.52634620666504
s,57.83963203430176,os,146.00348472595215
e,101.4389991760254,se,159.27863121032715
s,43.38383674621582,es,144.8228359222412
 ,156.74114227294922,s ,200.12497901916504
t,203.6170959472656, t,360.3582382202149
o,69.89741325378418,to,273.5145092010498
o,117.42067337036131,oo,187.3180866241455
k,42.44232177734375,ok,159.86299514770508
 ,58.493614196777344,k ,100.9359359741211
t,103.9729118347168, t,162.46652603149414
h,27.28152275085449,th,131.2544345855713
e,29.03914451599121,he,56.3206672668457
 ,58.70509147644043,e ,87.74423599243164
b,146.34966850280762, b,205.05475997924805
l,630.9192180633545,bl,777.2688865661621
o,116.96457862854004,lo,747.8837966918945
o,114.95685577392578,oo,231.92143440246585
d,130.80596923828125,od,245.76282501220703
",",102.47397422790527,"d,",233.27994346618647
 ,43.55168342590332,", ",146.0256576538086
a,101.83429718017578, a,145.3859806060791
n,27.58955955505371,an,129.4238567352295
d,30.094623565673828,nd,57.68418312072754
 ,13.330459594726562,d ,43.42508316040039
s,113.29412460327148, s,126.62458419799805
p,132.43818283081055,sp,245.73230743408203
r,71.90275192260742,pr,204.340934753418
i,101.14026069641112,ri,173.04301261901855
n,100.78620910644533,in,201.92646980285645
k,75.76704025268555,nk,176.55324935913086
l,84.14602279663086,kl,159.9130630493164
e,58.47692489624024,le,142.6229476928711
d,59.55791473388672,ed,118.03483963012695
 ,27.76932716369629,d ,87.32724189758301
i,73.26936721801758, i,101.03869438171388
t,86.78507804870605,it,160.05444526672363
 ,42.2825813293457,t ,129.06765937805176
o,102.7534008026123, o,145.035982131958
n,57.83510208129883,on,160.58850288391113
 ,28.552770614624023,n ,86.38787269592285
t,113.22689056396484, t,141.77966117858887
h,43.93553733825684,th,157.16242790222168
e,12.933731079101562,he,56.8692684173584
 ,74.21875,e ,87.15248107910156
p,100.92759132385254, p,175.14634132385254
e,102.83327102661131,pe,203.76086235046387
o,43.12324523925781,eo,145.95651626586914
p,72.23629951477051,op,115.35954475402832
l,43.23315620422363,pl,115.46945571899414
e,73.73809814453125,le,116.97125434875488
",",28.78570556640625,"e,",102.5238037109375
 ,75.09946823120117,", ",103.88517379760742
a,85.24394035339355, a,160.34340858459473
n,43.34235191345215,an,128.5862922668457
d,28.46980094909668,nd,71.81215286254883
 ,29.15787696838379,d ,57.62767791748047
s,104.53510284423828, s,133.69297981262207
a,27.73070335388184,sa,132.26580619812012
i,45.35555839538574,ai,73.08626174926758
d,42.44017601013184,id,87.79573440551758
",",83.4817886352539,"d,",125.92196464538574
 ,72.22151756286621,", ",155.70330619812012
"""",143.6629295349121," """,215.88444709777832
L,233.04271697998047,"""L",376.7056465148926
o,103.70564460754396,Lo,336.7483615875244
o,115.33331871032716,oo,219.0389633178711
k,41.72897338867188,ok,157.06229209899902
",",131.38437271118164,"k,",173.11334609985352
 ,72.23796844482422,", ",203.62234115600583
t,117.1724796295166, t,189.4104480743408
h,27.67586708068848,th,144.84834671020508
i,30.54356575012207,hi,58.21943283081055
s,39.69717025756836,is,70.24073600769043
 ,58.01081657409668,s ,97.70798683166504
i,43.07913780212402, i,101.0899543762207
s,73.33493232727051,is,116.41407012939452
 ,42.11187362670898,s ,115.44680595397948
t,102.8006076812744, t,144.9124813079834
h,29.1597843170166,th,131.96039199829102
e,28.856992721557617,he,58.01677703857422
 ,29.80279922485352,e ,58.65979194641113
b,114.46022987365724, b,144.26302909851074
l,44.77000236511231,bl,159.23023223876953
o,60.324668884277344,lo,105.09467124938963
o,143.4926986694336,oo,203.8173675537109
d,14.114856719970703,od,157.6075553894043
 ,43.27654838562012,d ,57.39140510559082
o,88.3169174194336, o,131.5934658050537
f,30.151844024658203,of,118.4687614440918
 ,43.06983947753906,f ,73.22168350219727
t,117.01107025146484, t,160.0809097290039
h,12.014389038085938,th,129.02545928955078
e,40.50159454345703,he,52.51598358154297
 ,44.881343841552734,e ,85.38293838500977
c,159.16919708251953, c,204.0505409240723
o,72.97921180725098,co,232.1484088897705
v,70.91093063354492,ov,143.8901424407959
e,102.08678245544434,ve,172.99771308898926
n,73.79484176635742,en,175.88162422180176
a,73.81153106689453,na,147.60637283325195
n,55.77993392944336,an,129.5914649963379
t,30.981779098510746,nt,86.7617130279541
",",70.99318504333496,"t,",101.9749641418457
 ,72.98111915588379,", ",143.97430419921875
w,130.9669017791748, w,203.9480209350586
h,29.49857711791992,wh,160.46547889709473
i,71.90442085266113,hi,101.40299797058104
c,85.92772483825684,ic,157.83214569091797
h,0.3633499145507812,ch,86.29107475280762
 ,69.76675987243652,h ,70.1301097869873
t,103.88565063476562, t,173.65241050720215
h,28.40137481689453,th,132.28702545166016
e,57.869911193847656,he,86.27128601074219
 ,115.96798896789552,e ,173.83790016174316
L,162.25600242614746, L,278.22399139404297
O,56.91051483154297,LO,219.16651725769043
R,56.236982345581055,OR,113.14749717712402
D,45.84407806396485,RD,102.0810604095459
 ,41.49746894836426,D ,87.3415470123291
h,145.75791358947754, h,187.2553825378418
a,88.67597579956055,ha,234.4338893890381
s,26.96776390075684,as,115.64373970031738
 ,58.76398086547852,s ,85.73174476623535
m,127.13098526000977, m,185.89496612548828
a,30.156373977661133,ma,157.2873592376709
d,118.33453178405762,ad,148.49090576171875
e,26.45111083984375,de,144.78564262390137
 ,57.41000175476074,e ,83.86111259460449
w,116.58692359924316, w,173.9969253540039
i,57.93190002441406,wi,174.51882362365723
t,72.27063179016113,it,130.2025318145752
h,28.542518615722656,th,100.8131504058838
 ,44.7232723236084,h ,73.26579093933105
y,47.272682189941406, y,91.9959545135498
o,70.42741775512695,yo,117.70009994506836
u,57.92737007141113,ou,128.3547878265381
 ,13.758659362792969,u ,71.6860294342041
c,101.94683074951172, c,115.70549011230467
o,73.55785369873047,co,175.5046844482422
n,71.52605056762695,on,145.08390426635742
c,102.217435836792,nc,173.74348640441897
e,82.1082592010498,ce,184.3256950378418
r,43.5786247253418,er,125.6868839263916
n,146.38304710388184,rn,189.96167182922363
i,57.4941635131836,ni,203.87721061706543
n,59.14711952209473,in,116.64128303527832
g,44.21114921569824,ng,103.35826873779295
 ,0.7731914520263672,g ,44.98434066772461
a,130.15460968017578, a,130.92780113220215
l,86.33637428283691,al,216.4909839630127
l,116.15443229675292,ll,202.49080657958984
 ,43.49946975708008,l ,159.653902053833
t,129.38213348388672, t,172.8816032409668
h,14.817476272583008,th,144.19960975646973
e,43.72143745422363,he,58.53891372680664
s,28.301239013671875,es,72.02267646789551
e,90.02065658569336,se,118.32189559936523
 ,57.77645111083984,e ,147.7971076965332
w,111.71817779541016, w,169.49462890625
o,101.27544403076172,wo,212.99362182617188
s,86.8830680847168,ds,242.00844764709475
.,104.65574264526369,s.,191.53881072998047
"""",186.5715980529785,".""",291.2273406982422
