Character,Time Used to Type Last Character (ms),Last 2 Characters,Time Used to Type Last 2 Characters (ms),Count
n,117.8847,On,348.7607,1
 ,12.9148,n ,130.7995,1
t,120.5869, t,133.5017,1
h,12.289,th,132.8759,1
e,30.6306,he,42.9196,1
 ,64.6498,e ,95.2804,1
e,110.5228, e,175.1726,1
t,314.4703,ht,501.2916,1
h,29.5941,th,344.0644,1
 ,73.5055,h ,103.0996,1
d,203.1859, d,276.6914,1
a,42.1588,da,245.3447,1
y,75.0779,ay,117.2367,1
 ,40.5035,y ,115.5814,1
h,118.3651, h,158.8686,1
e,42.3436,he,160.7087,1
 ,58.3189,e ,100.6625,1
s,102.0137, s,160.3326,1
h,29.4643,sh,131.478,1
a,58.7688,ha,88.2331,1
l,87.028,al,145.7968,1
b,116.8984, b,158.8351,1
r,42.7634,br,159.6618,1
i,88.0747,ri,130.8381,1
n,71.1791,in,159.2538,1
g,29.1375,ng,100.3166,1
 ,44.8466,g ,73.9841,1
t,142.2227, t,187.0693,1
h,13.4789,th,155.7016,1
e,87.6341,he,101.113,1
m,57.6588,em,145.2929,1
 ,28.5922,m ,86.251,1
f,117.9737, f,146.5659,1
 ,42.0029,r ,108.3973,1
h,118.6917, h,160.6946,1
i,79.8623,hi,198.554,1
s,35.4911,is,115.3534,1
 ,44.1987,s ,79.6898,1
c,105.299, c,149.4977,1
l,26.4374,cl,131.7364,1
e,28.7782,le,55.2156,1
a,59.0426,ea,87.8208,1
n,71.9811,an,131.0237,1
s,130.6811,ns,202.6622,1
i,72.667,si,203.3481,1
n,55.934,in,128.601,1
g,30.1402,ng,86.0742,1
 ,32.9621,g ,63.1023,1
t,129.6088, t,162.5709,1
o,52.8292,to,182.438,1
 ,28.616,o ,81.4452,1
t,93.2719, t,121.8879,1
h,23.0423,th,116.3142,1
e,57.9894,he,81.0317,1
 ,30.3814,e ,88.3708,1
p,115.1041, p,145.4855,1
r,43.0892,pr,158.1933,1
i,103.3162,ri,146.4054,1
e,26.8516,ie,130.1678,1
s,43.6488,es,70.5004,1
t,67.1385,st,110.7873,1
",",42.4752,"t,",109.6137,1
 ,66.8193,", ",109.2945,1
t,116.7763, t,183.5956,1
o,84.5977,to,201.374,1
 ,74.1744,o ,158.7721,1
t,88.5056, t,162.68,1
h,28.3803,th,116.8859,1
e,25.2185,he,53.5988,1
 ,28.9162,e ,54.1347,1
d,130.2044, d,159.1206,1
o,58.3768,do,188.5812,1
o,130.4425,oo,188.8193,1
r,14.6472,or,145.0897,1
 ,29.3639,r ,44.0111,1
o,132.9354, o,162.2993,1
f,99.8307,of,232.7661,1
 ,43.4909,f ,143.3216,1
t,117.0947, t,160.5856,1
h,12.5568,th,129.6515,1
e,59.2396,he,71.7964,1
 ,44.0495,e ,103.2891,1
T,129.3318, T,173.3813,1
e,78.0512,Te,207.383,1
n,63.4156,en,141.4668,1
t,14.5391,nt,77.9547,1
 ,43.8826,t ,58.4217,1
o,59.1658, o,103.0484,1
f,72.9802,of,132.146,1
 ,15.2619,f ,88.2421,1
M,144.1822, M,159.4441,1
e,72.3529,Me,216.5351,1
e,129.7092,ee,202.0621,1
t,60.9388,et,190.648,1
i,74.9838,ti,135.9226,1
n,84.0515,in,159.0353,1
g,35.4194,ng,119.4709,1
",",20.5915,"g,",56.0109,1
 ,78.0664,", ",98.6579,1
b,128.1964, b,206.2628,1
e,62.3801,be,190.5765,1
f,92.1951,ef,154.5752,1
o,15.7737,fo,107.9688,1
r,72.7707,or,88.5444,1
e,74.6617,re,147.4324,1
 ,70.7736,e ,145.4353,1
t,87.4918, t,158.2654,1
h,41.5307,th,129.0225,1
e,29.8872,he,71.4179,1
 ,77.0989,e ,106.9861,1
L,114.6225, L,191.7214,1
O,89.8771,LO,204.4996,1
R,53.1161,OR,142.9932,1
D,49.0799,RD,102.196,1
.,208.532,D.,257.6119,1
e,26.7637,he,144.1084,1
 ,107.5241,e ,134.2878,1
p,67.3778, p,174.9019,1
r,93.1489,pr,160.5267,1
i,55.1415,ri,148.2904,1
e,27.176,ie,82.3175,1
s,42.1111,es,69.2871,1
t,44.343,st,86.4541,1
 ,37.6561,t ,81.9991,1
s,94.393, s,132.0491,1
h,41.8324,sh,136.2254,1
a,75.5724,ha,117.4048,1
l,57.5041,al,133.0765,1
l,117.5303,ll,175.0344,1
 ,27.5652,l ,145.0955,1
t,129.7985, t,157.3637,1
a,9.1664,ta,138.9649,1
k,30.4544,ak,39.6208,1
e,60.3788,ke,90.8332,1
 ,43.8106,e ,104.1894,1
t,143.9395, t,187.7501,1
h,29.2352,th,173.1747,1
e,45.8694,he,75.1046,1
 ,56.59,e ,102.4594,1
l,62.8433, l,119.4333,1
a,110.2993,la,173.1426,1
m,101.8065,am,212.1058,1
b,160.7907,mb,262.5972,1
 ,42.9715,b ,203.7622,1
o,144.6845, o,187.656,1
f,40.3409,of,185.0254,1
 ,64.753,f ,105.0939,1
t,80.0817, t,144.8347,1
h,13.9335,th,94.0152,1
e,45.101,he,59.0345,1
 ,43.6461,e ,88.7471,1
t,130.6903, t,174.3364,1
r,116.2066,tr,246.8969,1
e,41.7064,re,157.913,1
s,132.5591,es,174.2655,1
p,85.8712,sp,218.4303,1
a,72.3545,pa,158.2257,1
s,15.0875,as,87.442,1
s,129.841,ss,144.9285,1
 ,44.6497,s ,174.4907,1
o,115.515, o,160.1647,1
f,40.016,of,155.531,1
f,117.2334,ff,157.2494,1
e,56.7683,fe,174.0017,1
r,30.2525,er,87.0208,1
i,103.6627,ri,133.9152,1
n,41.7256,in,145.3883,1
g,27.9454,ng,69.671,1
",",48.7081,"g,",76.6535,1
 ,66.0908,", ",114.7989,1
a,65.5888, a,131.6796,1
n,52.7414,an,118.3302,1
d,12.9634,nd,65.7048,1
 ,59.7793,d ,72.7427,1
t,100.3816, t,160.1609,1
h,13.8608,th,114.2424,1
e,45.4555,he,59.3163,1
 ,46.412,e ,91.8675,1
l,71.7381, l,118.1501,1
o,85.8809,lo,157.619,1
g,45.5419,og,131.4228,1
 ,59.3025,g ,104.8444,1
o,80.8892, o,140.1917,1
f,43.3734,of,124.2626,1
 ,60.603,f ,103.9764,1
o,85.4691, o,146.0721,1
i,41.3363,oi,126.8054,1
l,61.1762,il,102.5125,1
",",91.5455,"l,",152.7217,1
 ,66.1351,", ",157.6806,1
a,71.934, a,138.0691,1
n,43.4362,an,115.3702,1
d,30.6847,nd,74.1209,1
 ,29.4295,d ,60.1142,1
t,102.9489, t,132.3784,1
h,13.2789,th,116.2278,1
e,29.0984,he,42.3773,1
 ,64.4528,e ,93.5512,1
p,81.5129, p,145.9657,1
r,29.884,pr,111.3969,1
i,99.8732,ri,129.7572,1
e,27.7906,ie,127.6638,1
s,25.9246,es,53.7152,1
t,44.4695,st,70.3941,1
 ,51.0244,t ,95.4939,1
s,110.601, s,161.6254,1
h,28.947,sh,139.548,1
a,72.392,ha,101.339,1
l,72.9391,al,145.3311,1
l,114.8971,ll,187.8362,1
 ,13.5578,l ,128.4549,1
w,146.1206, w,159.6784,1
a,28.7751,wa,174.8957,1
v,87.3995,av,116.1746,1
e,20.616,ve,108.0155,1
 ,82.3808,e ,102.9968,1
t,201.9486, t,284.3294,1
h,373.1319,th,575.0805,1
e,116.3368,he,489.4687,1
m,85.5381,em,201.8749,1
 ,34.7501,m ,120.2882,1
f,126.6554, f,161.4055,1
o,43.5026,fo,170.158,1
r,58.3202,or,101.8228,1
 ,29.1614,r ,87.4816,1
a,57.4162, a,86.5776,1
 ,87.3143,a ,144.7305,1
w,150.0869, w,237.4012,1
a,47.9846,wa,198.0715,1
v,86.9279,av,134.9125,1
e,57.5758,ve,144.5037,1
 ,101.7604,e ,159.3362,1
o,30.5537, o,132.3141,1
f,102.153,of,132.7067,1
f,116.165,ff,218.318,1
e,43.0972,fe,159.2622,1
r,43.7691,er,86.8663,1
i,100.1008,ri,143.8699,1
n,45.7616,in,145.8624,1
g,28.8073,ng,74.5689,1
 ,29.0894,g ,57.8967,1
b,160.3431, b,189.4325,1
e,26.9712,be,187.3143,1
f,118.4062,ef,145.3774,1
o,41.9463,fo,160.3525,1
r,40.0442,or,81.9905,1
e,74.0584,re,114.1026,1
 ,71.5158,e ,145.5742,1
t,116.2542, t,187.77,1
h,28.0745,th,144.3287,1
e,44.3521,he,72.4266,1
 ,92.0478,e ,136.3999,1
L,126.9159, L,218.9637,1
O,75.7642,LO,202.6801,1
R,52.5922,OR,128.3564,1
D,30.6232,RD,83.2154,1
.,175.1102,D.,205.7334,1
 ,67.1859,e ,146.2602,1
s,75.1994, s,142.3853,1
h,41.5801,sh,116.7795,1
a,60.3014,ha,101.8815,1
l,69.1604,al,129.4618,1
l,118.6569,ll,187.8173,1
 ,27.6713,l ,146.3282,1
k,103.119, k,130.7903,1
i,145.3845,ki,248.5035,1
l,27.1818,il,172.5663,1
l,117.7663,ll,144.9481,1
 ,27.112,l ,144.8783,1
t,113.9998, t,141.1118,1
h,27.0709,th,141.0707,1
e,42.6473,he,69.7182,1
 ,66.3,e ,108.9473,1
l,97.9462, l,164.2462,1
a,72.9723,la,170.9185,1
m,71.0787,am,144.051,1
b,131.2605,mb,202.3392,1
 ,30.1813,b ,161.4418,1
o,85.5223, o,115.7036,1
f,42.6193,of,128.1416,1
 ,28.9497,f ,71.569,1
t,117.9895, t,146.9392,1
h,14.8443,th,132.8338,1
e,41.4137,he,56.258,1
 ,44.6717,e ,86.0854,1
t,131.7749, t,176.4466,1
r,126.1937,tr,257.9686,1
e,42.767,re,168.9607,1
s,145.9657,es,188.7327,1
p,145.701,sp,291.6667,1
a,57.2221,pa,202.9231,1
s,64.5427,as,121.7648,1
s,124.5041,ss,189.0468,1
 ,58.172,s ,182.6761,1
o,144.467, o,202.639,1
f,42.1101,of,186.5771,1
f,131.8265,ff,173.9366,1
e,88.6578,fe,220.4843,1
r,3.312,er,91.9698,1
i,122.967,ri,126.279,1
n,28.3782,in,151.3452,1
g,16.32,ng,44.6982,1
.,91.527,g.,107.847,1
 ,51.863,. ,143.39,1
T,131.8744, T,183.7374,1
h,130.4374,Th,262.3118,1
e,29.6181,he,160.0555,1
 ,102.284,e ,131.9021,1
p,71.2249, p,173.5089,1
r,57.3423,pr,128.5672,1
i,89.2236,ri,146.5659,1
e,26.3701,ie,115.5937,1
s,43.179,es,69.5491,1
t,29.1835,st,72.3625,1
 ,41.1,t ,70.2835,1
s,104.9129, s,146.0129,1
h,40.4824,sh,145.3953,1
a,74.6631,ha,115.1455,1
l,56.1407,al,130.8038,1
l,123.142,ll,179.2827,1
 ,23.7774,l ,146.9194,1
k,58.0973,ak,70.9723,1
e,19.7884,ke,77.8857,1
 ,40.4719,e ,60.2603,1
s,170.4052, s,210.8771,1
o,346.9411,so,517.3463,1
m,101.9945,om,448.9356,1
e,74.3873,me,176.3818,1
 ,54.5589,e ,128.9462,1
o,59.0307, o,113.5896,1
f,57.8384,of,116.8691,1
 ,15.1959,f ,73.0343,1
t,118.7769, t,133.9728,1
h,5.7232,th,124.5001,1
e,35.654,he,41.3772,1
 ,63.7846,e ,99.4386,1
b,94.5899, b,158.3745,1
l,26.596,bl,121.1859,1
o,63.5617,lo,90.1577,1
o,124.5616,oo,188.1233,1
d,72.5895,od,197.1511,1
 ,21.3696,d ,93.9591,1
o,68.1552, o,89.5248,1
f,55.268,of,123.4232,1
 ,28.5853,f ,83.8533,1
t,335.6986, t,364.2839,1
h,11.9289,th,347.6275,1
e,61.4693,he,73.3982,1
 ,30.6121,e ,92.0814,1
t,127.9598, t,158.5719,1
r,130.6507,tr,258.6105,1
e,53.215,re,183.8657,1
s,117.5552,es,170.7702,1
p,74.5952,sp,192.1504,1
a,55.185,pa,129.7802,1
s,103.4363,as,158.6213,1
s,158.4347,ss,261.871,1
 ,42.545,s ,200.9797,1
o,132.1918, o,174.7368,1
f,101.1303,of,233.3221,1
f,102.3576,ff,203.4879,1
e,62.5646,fe,164.9222,1
r,9.2319,er,71.7965,1
i,116.1252,ri,125.3571,1
n,28.3976,in,144.5228,1
g,41.2218,ng,69.6194,1
 ,34.9449,g ,76.1667,1
a,65.9102, a,100.8551,1
n,59.7,an,125.6102,1
d,15.4124,nd,75.1124,1
 ,28.2745,d ,43.6869,1
p,90.9484, p,119.2229,1
u,113.0476,pu,203.996,1
t,43.7342,ut,156.7818,1
 ,27.5331,t ,71.2673,1
i,71.662, i,99.1951,1
t,102.0926,it,173.7546,1
 ,45.1451,t ,147.2377,1
o,133.1226, o,178.2677,1
n,70.0631,on,203.1857,1
 ,28.9436,n ,99.0067,1
t,103.0931, t,132.0367,1
h,13.6444,th,116.7375,1
e,13.7802,he,27.4246,1
 ,57.6838,e ,71.464,1
t,115.5795, t,173.2633,1
i,56.3102,ti,171.8897,1
p,145.7246,ip,202.0348,1
 ,28.3711,p ,174.0957,1
o,86.3468, o,114.7179,1
f,57.973,of,144.3198,1
 ,31.9048,f ,89.8778,1
t,127.6778, t,159.5826,1
h,13.7057,th,141.3835,1
e,60.6592,he,74.3649,1
 ,29.4759,e ,90.1351,1
r,99.9019, r,129.3778,1
i,86.4968,ri,186.3987,1
g,29.9161,ig,116.4129,1
h,63.0262,gh,92.9423,1
t,40.1881,ht,103.2143,1
 ,56.6426,t ,96.8307,1
e,63.6329, e,120.2755,1
a,36.9704,ea,100.6033,1
r,56.6134,ar,93.5838,1
 ,44.3991,r ,101.0125,1
o,71.6882, o,116.0873,1
f,60.0319,of,131.7201,1
 ,56.7004,f ,116.7323,1
h,117.0207, h,173.7211,1
i,89.5994,hi,206.6201,1
m,84.1955,im,173.7949,1
 ,12.8884,m ,97.0839,1
w,116.4165, w,129.3049,1
h,30.8152,wh,147.2317,1
o,45.1228,ho,75.938,1
 ,84.2709,o ,129.3937,1
i,71.6652, i,155.9361,1
s,44.1663,is,115.8315,1
 ,43.8005,s ,87.9668,1
t,114.3807, t,158.1812,1
o,56.7077,to,171.0884,1
 ,29.4526,o ,86.1603,1
b,133.0502, b,162.5028,1
e,55.9805,be,189.0307,1
 ,44.6186,e ,100.5991,1
c,87.4814, c,132.1,1
l,41.0463,cl,128.5277,1
e,47.7935,le,88.8398,1
a,27.0854,ea,74.8789,1
n,101.9741,an,129.0595,1
s,106.9749,ns,208.949,1
e,37.6495,se,144.6244,1
d,117.4139,ed,155.0634,1
",",71.7016,"d,",189.1155,1
 ,41.8195,", ",113.5211,1
a,59.0342, a,100.8537,1
n,68.474,an,127.5082,1
d,14.2048,nd,82.6788,1
 ,44.6469,d ,58.8517,1
o,67.1355, o,111.7824,1
n,50.1334,on,117.2689,1
 ,42.5035,n ,92.6369,1
t,102.8806, t,145.3841,1
h,29.1447,th,132.0253,1
e,42.607,he,71.7517,1
 ,105.5051,e ,148.1121,1
t,372.8237, t,478.3288,1
h,14.7548,th,387.5785,1
u,143.0261,hu,157.7809,1
m,302.7731,um,445.7992,1
b,201.7773,mb,504.5504,1
 ,59.7099,b ,261.4872,1
o,173.8171, o,233.527,1
f,29.078,of,202.8951,1
 ,58.1261,f ,87.2041,1
h,129.7767, h,187.9028,1
i,57.5173,hi,187.294,1
s,37.7239,is,95.2412,1
 ,50.1186,s ,87.8425,1
r,200.2967, r,250.4153,1
i,86.1117,ri,286.4084,1
g,27.7335,ig,113.8452,1
h,87.85,gh,115.5835,1
t,43.9184,ht,131.7684,1
 ,28.5811,t ,72.4995,1
h,133.3655, h,161.9466,1
a,76.3746,ha,209.7401,1
n,51.4249,an,127.7995,1
d,28.5048,nd,79.9297,1
",",60.3044,"d,",88.8092,1
 ,58.0914,", ",118.3958,1
a,246.4859, a,304.5773,1
n,71.914,an,318.3999,1
d,42.3082,nd,114.2222,1
 ,72.3595,d ,114.6677,1
o,99.4433, o,171.8028,1
n,73.3244,on,172.7677,1
 ,42.8871,n ,116.2115,1
t,101.6715, t,144.5586,1
h,13.8309,th,115.5024,1
e,43.891,he,57.7219,1
 ,29.1432,e ,73.0342,1
b,131.2183, b,160.3615,1
i,101.4488,bi,232.6671,1
g,58.5537,ig,160.0025,1
 ,49.9839,g ,108.5376,1
t,124.9778, t,174.9617,1
o,15.3181,to,140.2959,1
e,28.8733,oe,44.1914,1
 ,110.2263,e ,139.0996,1
o,63.6073, o,173.8336,1
f,57.2179,of,120.8252,1
 ,40.9144,f ,98.1323,1
h,116.0589, h,156.9733,1
i,73.4046,hi,189.4635,1
s,21.5926,is,94.9972,1
 ,64.3141,s ,85.9067,1
r,117.5492, r,181.8633,1
i,87.4022,ri,204.9514,1
g,43.0538,ig,130.456,1
h,78.7535,gh,121.8073,1
t,38.5771,ht,117.3306,1
 ,42.3365,t ,80.9136,1
f,157.7392, f,200.0757,1
o,44.7365,fo,202.4757,1
o,131.2476,oo,175.9841,1
t,43.7925,ot,175.0401,1
.,99.1853,t.,142.9778,1
d,27.1683,nd,71.1307,1
 ,44.0417,d ,71.21,1
t,116.2898, t,160.3315,1
w,144.3511,tw,260.6409,1
o,29.0105,wo,173.3616,1
 ,89.0116,o ,118.0221,1
t,144.1905, t,233.2021,1
u,72.3302,tu,216.5207,1
r,101.239,ur,173.5692,1
t,145.8409,rt,247.0799,1
l,78.1292,tl,223.9701,1
e,85.2423,le,163.3715,1
d,122.6118,ed,207.8541,1
o,71.4927,do,194.1045,1
v,59.0193,ov,130.512,1
e,71.2144,ve,130.2337,1
s,30.5121,es,101.7265,1
",",87.0456,"s,",117.5577,1
 ,73.0337,", ",160.0793,1
o,87.0134, o,160.0471,1
r,42.0303,or,129.0437,1
 ,48.9443,r ,90.9746,1
t,144.1588, t,193.1031,1
w,130.1128,tw,274.2716,1
o,55.8838,wo,185.9966,1
 ,89.6388,o ,145.5226,1
y,84.7819, y,174.4207,1
o,53.4199,yo,138.2018,1
u,74.0452,ou,127.4651,1
n,28.7464,un,102.7916,1
g,29.109,ng,57.8554,1
 ,28.1771,g ,57.2861,1
p,119.1769, p,147.354,1
i,139.2739,pi,258.4508,1
g,60.5426,ig,199.8165,1
e,56.78,ge,117.3226,1
o,48.9814,eo,105.7614,1
n,26.6412,on,75.6226,1
s,64.2234,ns,90.8646,1
",",98.0724,"s,",162.2958,1
 ,69.466,", ",167.5384,1
s,118.0478, s,187.5138,1
u,57.0999,su,175.1477,1
c,54.4631,uc,111.563,1
h,14.6749,ch,69.138,1
 ,34.003,h ,48.6779,1
a,51.5843, a,85.5873,1
s,74.792,as,126.3763,1
 ,42.8404,s ,117.6324,1
h,118.405, h,161.2454,1
e,41.8824,he,160.2874,1
 ,58.1005,e ,99.9829,1
i,75.7284, i,133.8289,1
s,40.9016,is,116.63,1
 ,57.7218,s ,98.6234,1
a,87.2476, a,144.9694,1
b,44.8092,ab,132.0568,1
l,57.9892,bl,102.7984,1
e,48.0213,le,106.0105,1
 ,66.6232,e ,114.6445,1
t,114.5463, t,181.1695,1
o,44.5897,to,159.136,1
 ,15.8403,o ,60.43,1
a,113.2195, a,129.0598,1
f,56.1976,af,169.4171,1
f,116.1902,ff,172.3878,1
o,67.0379,fo,183.2281,1
r,22.1892,or,89.2271,1
d,74.6429,rd,96.8321,1
;,90.8955,d;,165.5384,1
 ,52.5811,; ,143.4766,1
a,88.9256, a,141.5067,1
n,28.8875,an,117.8131,1
d,27.7129,nd,56.6004,1
 ,27.489,d ,55.2019,1
t,104.2106, t,131.6996,1
h,41.7208,th,145.9314,1
e,15.2863,he,57.0071,1
 ,58.4989,e ,73.7852,1
o,74.6565, o,133.1554,1
n,41.4943,on,116.1508,1
e,79.492,ne,120.9863,1
 ,62.0091,e ,141.5011,1
s,59.5011, s,121.5102,1
h,41.9753,sh,101.4764,1
a,81.3637,ha,123.339,1
l,65.4648,al,146.8285,1
l,103.1598,ll,168.6246,1
 ,42.4496,l ,145.6094,1
b,116.4898, b,158.9394,1
e,41.9817,be,158.4715,1
 ,15.96,e ,57.9417,1
a,76.2207, a,92.1807,1
 ,81.8987,a ,158.1194,1
s,103.5767, s,185.4754,1
i,47.7334,si,151.3101,1
n,53.0794,in,100.8128,1
 ,43.8718,n ,96.9512,1
o,70.7202, o,114.592,1
f,73.3741,of,144.0943,1
f,129.5413,ff,202.9154,1
e,24.2179,fe,153.7592,1
r,64.921,er,89.1389,1
i,84.3457,ri,149.2667,1
n,59.0589,in,143.4046,1
g,13.6268,ng,72.6857,1
",",74.9225,"g,",88.5493,1
 ,59.3125,", ",134.235,1
a,61.4388, a,120.7513,1
n,53.1999,an,114.6387,1
d,25.3914,nd,78.5913,1
 ,30.9011,d ,56.2925,1
t,102.2214, t,133.1225,1
h,44.1323,th,146.3537,1
e,3.1767,he,47.309,1
 ,53.8666,e ,57.0433,1
o,76.0306, o,129.8972,1
t,40.6223,ot,116.6529,1
h,16.6322,th,57.2545,1
e,72.9763,he,89.6085,1
r,41.9081,er,114.8844,1
 ,47.7385,r ,89.6466,1
a,66.0565, a,113.795,1
 ,70.1353,a ,136.1918,1
b,131.7651, b,201.9004,1
u,103.1747,bu,234.9398,1
r,2.6728,ur,105.8475,1
n,141.0939,rn,143.7667,1
t,29.682,nt,170.7759,1
 ,14.8601,t ,44.5421,1
o,72.3165, o,87.1766,1
f,57.9557,of,130.2722,1
f,132.1242,ff,190.0799,1
e,65.6009,fe,197.7251,1
r,20.6253,er,86.2262,1
i,130.8888,ri,151.5141,1
n,13.5566,in,144.4454,1
g,29.0751,ng,42.6317,1
.,88.0841,g.,117.1592,1
n,88.1182,On,318.4704,1
 ,15.5012,n ,103.6194,1
t,113.9374, t,129.4386,1
h,27.9559,th,141.8933,1
e,15.1515,he,43.1074,1
 ,44.6474,e ,59.7989,1
e,101.0559, e,145.7033,1
i,58.5332,ei,159.5891,1
g,100.7736,ig,159.3068,1
h,145.7592,th,718.7179,1
 ,55.5233,h ,201.2825,1
d,203.2707, d,258.794,1
a,44.1952,da,247.4659,1
y,74.4484,ay,118.6436,1
 ,41.5409,y ,115.9893,1
 ,14.943,e ,72.034,1
s,131.2011, s,146.1441,1
h,37.7271,sh,168.9282,1
a,75.5388,ha,113.2659,1
l,163.9832,al,239.522,1
b,117.9758, b,175.3522,1
r,26.8215,br,144.7973,1
i,104.057,ri,130.8785,1
n,58.3364,in,162.3934,1
g,28.8235,ng,87.1599,1
 ,34.3868,g ,63.2103,1
t,122.7945, t,157.1813,1
h,13.7698,th,136.5643,1
e,51.6449,he,65.4147,1
m,94.7534,em,146.3983,1
 ,36.6775,m ,131.4309,1
f,107.9659, f,144.6434,1
r,52.0762,or,117.7743,1
 ,39.2686,r ,91.3448,1
h,117.8392, h,157.1078,1
i,71.1338,hi,188.973,1
s,43.6742,is,114.808,1
 ,44.2983,s ,87.9725,1
c,88.2875, c,132.5858,1
l,57.9564,cl,146.2439,1
e,35.8439,le,93.8003,1
a,20.7669,ea,56.6108,1
n,114.6499,an,135.4168,1
s,161.2113,ns,275.8612,1
i,64.6138,si,225.8251,1
n,65.9319,in,130.5457,1
g,13.7469,ng,79.6788,1
 ,37.9801,g ,51.727,1
t,123.1515, t,161.1316,1
o,57.7798,to,180.9313,1
 ,13.9534,o ,71.7332,1
t,114.3422, t,128.2956,1
h,29.0738,th,143.416,1
e,46.3225,he,75.3963,1
 ,52.4649,e ,98.7874,1
p,105.5641, p,158.029,1
r,28.3212,pr,133.8853,1
i,103.1268,ri,131.448,1
e,13.1247,ie,116.2515,1
s,41.5642,es,54.6889,1
t,64.305,st,105.8692,1
",",55.2745,"t,",119.5795,1
 ,70.1821,", ",125.4566,1
t,117.7343, t,187.9164,1
o,45.3294,to,163.0637,1
 ,26.9421,o ,72.2715,1
t,101.7123, t,128.6544,1
h,15.1016,th,116.8139,1
e,58.8538,he,73.9554,1
 ,49.9751,e ,108.8289,1
d,92.9029, d,142.878,1
o,69.2396,do,162.1425,1
o,133.8146,oo,203.0542,1
r,27.355,or,161.1696,1
 ,31.3989,r ,58.7539,1
o,99.191, o,130.5899,1
f,44.6696,of,143.8606,1
 ,28.5634,f ,73.233,1
t,129.3162, t,157.8796,1
h,15.4126,th,144.7288,1
e,60.6153,he,76.0279,1
 ,42.6137,e ,103.229,1
T,145.0457, T,187.6594,1
e,70.7611,Te,215.8068,1
n,73.1665,en,143.9276,1
t,15.8086,nt,88.9751,1
 ,42.4408,t ,58.2494,1
o,46.3192, o,88.76,1
f,96.4776,of,142.7968,1
 ,17.2531,f ,113.7307,1
M,216.9417, M,234.1948,1
e,129.5384,Me,346.4801,1
e,142.9267,ee,272.4651,1
t,44.0756,et,187.0023,1
i,103.5192,ti,147.5948,1
n,57.1966,in,160.7158,1
g,37.2397,ng,94.4363,1
",",37.3203,"g,",74.56,1
 ,42.2717,", ",79.592,1
b,146.0827, b,188.3544,1
e,58.771,be,204.8537,1
f,100.2548,ef,159.0258,1
o,36.3803,fo,136.6351,1
r,58.5877,or,94.968,1
e,76.8949,re,135.4826,1
 ,72.7938,e ,149.6887,1
t,114.1802, t,186.974,1
h,13.2935,th,127.4737,1
e,103.2427,he,116.5362,1
 ,115.8574,e ,219.1001,1
L,246.1331, L,361.9905,1
O,93.5323,LO,339.6654,1
R,52.7958,OR,146.3281,1
D,26.5803,RD,79.3761,1
.,202.2056,D.,228.7859,1
e,3.324,he,122.818,1
 ,83.7681,e ,87.0921,1
p,81.0161, p,164.7842,1
r,78.8522,pr,159.8683,1
i,59.8427,ri,138.6949,1
e,22.8674,ie,82.7101,1
s,58.2862,es,81.1536,1
t,43.0908,st,101.377,1
 ,21.7469,t ,64.8377,1
s,108.2755, s,130.0224,1
h,31.6098,sh,139.8853,1
a,72.7468,ha,104.3566,1
l,56.2594,al,129.0062,1
l,117.2876,ll,173.547,1
 ,28.5641,l ,145.8517,1
k,36.9864,ak,80.3724,1
e,21.0407,ke,58.0271,1
 ,44.6785,e ,65.7192,1
t,101.4695, t,146.148,1
h,13.6106,th,115.0801,1
e,60.0479,he,73.6585,1
 ,48.3492,e ,108.3971,1
l,81.1909, l,129.5401,1
a,103.7923,la,184.9832,1
m,54.5327,am,158.325,1
b,132.2507,mb,186.7834,1
 ,42.1244,b ,174.3751,1
o,91.6054, o,133.7298,1
f,35.8242,of,127.4296,1
 ,27.0117,f ,62.8359,1
t,133.2101, t,160.2218,1
h,14.6311,th,147.8412,1
e,57.1405,he,71.7716,1
 ,30.6955,e ,87.836,1
t,117.1879, t,147.8834,1
r,130.812,tr,247.9999,1
e,42.5115,re,173.3235,1
a,42.0079,pa,99.7978,1
s,59.7461,as,101.754,1
s,129.8872,ss,189.6333,1
 ,28.387,s ,158.2742,1
o,86.9675, o,115.3545,1
f,88.6969,of,175.6644,1
f,127.1625,ff,215.8594,1
e,43.3722,fe,170.5347,1
r,31.0236,er,74.3958,1
i,113.7476,ri,144.7712,1
n,28.9519,in,142.6995,1
g,29.9571,ng,58.909,1
",",79.1257,"g,",109.0828,1
 ,35.6469,", ",114.7726,1
a,74.7394, a,110.3863,1
n,56.9832,an,131.7226,1
d,15.3938,nd,72.377,1
 ,28.9904,d ,44.3842,1
t,89.9601, t,118.9505,1
h,29.392,th,119.3521,1
e,26.7331,he,56.1251,1
 ,66.2934,e ,93.0265,1
l,57.4117, l,123.7051,1
o,65.2205,lo,122.6322,1
g,58.3187,og,123.5392,1
 ,72.6708,g ,130.9895,1
o,60.9856, o,133.6564,1
f,69.1322,of,130.1178,1
 ,42.7549,f ,111.8871,1
o,72.0467, o,114.8016,1
i,43.4653,oi,115.512,1
l,45.2396,il,88.7049,1
",",105.8499,"l,",151.0895,1
 ,50.7486,", ",156.5985,1
a,88.4755, a,139.2241,1
n,43.1283,an,131.6038,1
d,30.3826,nd,73.5109,1
 ,13.2436,d ,43.6262,1
t,115.8273, t,129.0709,1
h,14.1481,th,129.9754,1
e,30.0873,he,44.2354,1
 ,59.9112,e ,89.9985,1
p,64.7141, p,124.6253,1
r,87.7042,pr,152.4183,1
i,57.6559,ri,145.3601,1
e,37.4554,ie,95.1113,1
s,27.9635,es,65.4189,1
t,58.9165,st,86.88,1
 ,14.5593,t ,73.4758,1
s,126.5506, s,141.1099,1
h,44.1976,sh,170.7482,1
a,87.5552,ha,131.7528,1
l,57.7029,al,145.2581,1
l,116.0567,ll,173.7596,1
 ,29.2158,l ,145.2725,1
w,143.382, w,172.5978,1
a,44.3884,wa,187.7704,1
v,72.3492,av,116.7376,1
e,44.3274,ve,116.6766,1
 ,50.1133,e ,94.4407,1
t,94.8794, t,144.9927,1
h,13.7418,th,108.6212,1
e,111.2043,he,124.9461,1
m,79.9886,em,191.1929,1
 ,27.9391,m ,107.9277,1
f,127.1179, f,155.057,1
o,33.638,fo,160.7559,1
r,36.6747,or,70.3127,1
 ,46.3465,r ,83.0212,1
a,62.2232, a,108.5697,1
 ,80.464,a ,142.6872,1
w,147.7315, w,228.1955,1
a,43.7911,wa,191.5226,1
v,101.4316,av,145.2227,1
e,30.6568,ve,132.0884,1
 ,86.5389,e ,117.1957,1
o,71.7497, o,158.2886,1
f,85.4757,of,157.2254,1
f,118.0986,ff,203.5743,1
e,26.9388,fe,145.0374,1
r,89.1479,er,116.0867,1
i,112.9964,ri,202.1443,1
n,42.3261,in,155.3225,1
g,17.5069,ng,59.833,1
e,42.8893,be,188.9156,1
f,116.1446,ef,159.0339,1
o,23.4326,fo,139.5772,1
r,88.5551,or,111.9877,1
e,42.0475,re,130.6026,1
 ,104.1147,e ,146.1622,1
t,102.7659, t,206.8806,1
h,14.3137,th,117.0796,1
e,15.2369,he,29.5506,1
 ,90.1045,e ,105.3414,1
L,126.9128, L,217.0173,1
O,74.0981,LO,201.0109,1
R,71.9752,OR,146.0733,1
D,49.1592,RD,121.1344,1
.,240.4415,D.,289.6007,1
 ,68.2888,e ,129.4563,1
s,86.4758, s,154.7646,1
h,45.3898,sh,131.8656,1
a,78.6351,ha,124.0249,1
l,65.7178,al,144.3529,1
l,131.5751,ll,197.2929,1
 ,28.9457,l ,160.5208,1
k,86.0587, k,115.0044,1
i,144.4019,ki,230.4606,1
l,41.4299,il,185.8318,1
l,105.8646,ll,147.2945,1
 ,24.2294,l ,130.094,1
t,188.9361, t,213.1655,1
h,14.4013,th,203.3374,1
e,56.8687,he,71.27,1
 ,62.8168,e ,119.6855,1
l,114.9135, l,177.7303,1
a,87.4681,la,202.3816,1
m,54.5122,am,141.9803,1
b,130.9937,mb,185.5059,1
 ,28.7448,b ,159.7385,1
o,105.0798, o,133.8246,1
f,42.0914,of,147.1712,1
 ,27.6094,f ,69.7008,1
t,112.7744, t,140.3838,1
h,16.0959,th,128.8703,1
e,57.3377,he,73.4336,1
 ,29.3223,e ,86.66,1
t,145.5722, t,174.8945,1
r,145.7039,tr,291.2761,1
e,55.6427,re,201.3466,1
a,37.6095,pa,114.0141,1
s,61.3644,as,98.9739,1
s,113.7639,ss,175.1283,1
 ,28.2138,s ,141.9777,1
o,89.504, o,117.7178,1
f,71.0985,of,160.6025,1
f,132.3305,ff,203.429,1
i,89.0666,ri,200.5137,1
n,58.7705,in,147.8371,1
g,26.5777,ng,85.3482,1
.,64.8006,g.,91.3783,1
 ,57.7562,. ,122.5568,1
T,140.236, T,197.9922,1
h,132.627,Th,272.863,1
e,4.1041,he,136.7311,1
 ,99.3161,e ,103.4202,1
p,82.7819, p,182.098,1
r,88.0265,pr,170.8084,1
i,61.8735,ri,149.9,1
e,25.2225,ie,87.096,1
s,43.5868,es,68.8093,1
t,57.187,st,100.7738,1
 ,18.9805,t ,76.1675,1
s,123.6215, s,142.602,1
h,28.3772,sh,151.9987,1
a,88.222,ha,116.5992,1
l,58.5836,al,146.8056,1
l,128.1164,ll,186.7,1
 ,15.166,l ,143.2824,1
k,43.6616,ak,113.023,1
e,28.0365,ke,71.6981,1
 ,44.5141,e ,72.5506,1
s,146.3844, s,190.8985,1
o,76.4496,so,222.834,1
m,68.6554,om,145.105,1
e,57.2854,me,125.9408,1
 ,57.9865,e ,115.2719,1
o,89.1732, o,147.1597,1
f,56.4059,of,145.5791,1
 ,44.0393,f ,100.4452,1
t,116.0806, t,160.1199,1
h,12.8145,th,128.8951,1
e,57.1769,he,69.9914,1
 ,41.0479,e ,98.2248,1
b,121.6995, b,162.7474,1
l,28.8628,bl,150.5623,1
o,74.2535,lo,103.1163,1
o,110.7915,oo,185.045,1
d,42.3467,od,153.1382,1
 ,44.4465,d ,86.7932,1
o,202.2317, o,246.6782,1
f,87.5643,of,289.796,1
 ,29.5051,f ,117.0694,1
t,103.0399, t,132.545,1
h,13.7143,th,116.7542,1
e,43.5537,he,57.268,1
 ,46.3165,e ,89.8702,1
t,128.9817, t,175.2982,1
r,144.3817,tr,273.3634,1
e,28.908,re,173.2897,1
s,183.2346,es,212.1426,1
p,160.8704,sp,344.105,1
a,56.8917,pa,217.7621,1
s,42.2786,as,99.1703,1
s,147.3318,ss,189.6104,1
 ,42.8577,s ,190.1895,1
o,90.8641, o,133.7218,1
f,99.0666,of,189.9307,1
f,114.9007,ff,213.9673,1
e,89.1951,fe,204.0958,1
r,13.6971,er,102.8922,1
i,116.1581,ri,129.8552,1
n,42.6622,in,158.8203,1
g,32.2901,ng,74.9523,1
 ,28.7135,g ,61.0036,1
a,67.3808, a,96.0943,1
n,72.7107,an,140.0915,1
d,15.6291,nd,88.3398,1
 ,15.1344,d ,30.7635,1
p,89.9373, p,105.0717,1
u,127.9823,pu,217.9196,1
t,41.0318,ut,169.0141,1
 ,45.6742,t ,86.706,1
i,87.8927, i,133.5669,1
t,344.2967,it,432.1894,1
 ,42.6612,t ,386.9579,1
o,118.8454, o,161.5066,1
n,58.9882,on,177.8336,1
 ,27.7468,n ,86.735,1
t,114.6022, t,142.349,1
h,13.3946,th,127.9968,1
e,13.2307,he,26.6253,1
 ,58.2126,e ,71.4433,1
t,117.5543, t,175.7669,1
i,42.4808,ti,160.0351,1
p,159.7732,ip,202.254,1
 ,29.6939,p ,189.4671,1
o,101.7199, o,131.4138,1
f,42.606,of,144.3259,1
 ,13.7626,f ,56.3686,1
t,117.308, t,131.0706,1
h,11.4823,th,128.7903,1
e,46.163,he,57.6453,1
 ,48.4393,e ,94.6023,1
r,111.6609, r,160.1002,1
i,45.0126,ri,156.6735,1
g,58.336,ig,103.3486,1
h,68.6451,gh,126.9811,1
t,43.6457,ht,112.2908,1
 ,44.0139,t ,87.6596,1
e,55.5753, e,99.5892,1
a,48.7154,ea,104.2907,1
r,55.901,ar,104.6164,1
 ,61.8717,r ,117.7727,1
o,58.7687, o,120.6404,1
f,68.1599,of,126.9286,1
 ,29.2015,f ,97.3614,1
h,146.5841, h,175.7856,1
i,82.8455,hi,229.4296,1
m,73.9607,im,156.8062,1
 ,41.9279,m ,115.8886,1
w,102.6419, w,144.5698,1
h,43.3299,wh,145.9718,1
o,28.8397,ho,72.1696,1
 ,105.8201,o ,134.6598,1
i,55.9751, i,161.7952,1
s,81.5099,is,137.485,1
 ,33.0285,s ,114.5384,1
t,115.0989, t,148.1274,1
o,57.6001,to,172.699,1
 ,29.944,o ,87.5441,1
b,130.7189, b,160.6629,1
e,43.5487,be,174.2676,1
 ,36.1485,e ,79.6972,1
c,123.4386, c,159.5871,1
a,36.0855,ea,63.8892,1
n,83.4696,an,119.5551,1
s,54.8618,ns,138.3314,1
e,58.5327,se,113.3945,1
d,121.7585,ed,180.2912,1
",",65.9073,"d,",187.6658,1
 ,60.4934,", ",126.4007,1
a,42.4952, a,102.9886,1
n,87.3959,an,129.8911,1
d,13.6463,nd,101.0422,1
 ,15.1548,d ,28.8011,1
o,92.2736, o,107.4284,1
n,48.5175,on,140.7911,1
 ,68.1665,n ,116.684,1
t,79.263, t,147.4295,1
h,15.6398,th,94.9028,1
e,57.4446,he,73.0844,1
 ,47.7334,e ,105.178,1
t,474.3082, t,522.0416,1
h,14.2981,th,488.6063,1
u,119.1459,hu,133.444,1
m,125.9433,um,245.0892,1
b,141.6277,mb,267.571,1
 ,56.344,b ,197.9717,1
o,104.6355, o,160.9795,1
f,41.2489,of,145.8844,1
 ,43.7573,f ,85.0062,1
h,128.8358, h,172.5931,1
i,93.519,hi,222.3548,1
s,23.4579,is,116.9769,1
 ,45.3615,s ,68.8194,1
r,130.9847, r,176.3462,1
i,71.6773,ri,202.662,1
g,43.5183,ig,115.1956,1
h,76.9078,gh,120.4261,1
t,23.8142,ht,100.722,1
 ,29.3092,t ,53.1234,1
h,143.1586, h,172.4678,1
a,73.7139,ha,216.8725,1
n,56.5626,an,130.2765,1
d,59.0993,nd,115.6619,1
",",30.7082,"d,",89.8075,1
 ,73.5377,", ",104.2459,1
a,243.4252, a,316.9629,1
n,86.1999,an,329.6251,1
d,44.989,nd,131.1889,1
 ,46.9708,d ,91.9598,1
o,126.9361, o,173.9069,1
n,72.4527,on,199.3888,1
 ,43.1561,n ,115.6088,1
t,116.7858, t,159.9419,1
h,15.4145,th,132.2003,1
e,42.047,he,57.4615,1
 ,57.618,e ,99.665,1
b,101.3272, b,158.9452,1
i,71.0792,bi,172.4064,1
g,57.9164,ig,128.9956,1
 ,42.1208,g ,100.0372,1
t,132.5616, t,174.6824,1
o,13.8749,to,146.4365,1
e,42.585,oe,56.4599,1
 ,92.5016,e ,135.0866,1
o,82.2685, o,174.7701,1
f,58.1787,of,140.4472,1
 ,29.1837,f ,87.3624,1
h,132.419, h,161.6027,1
i,71.281,hi,203.7,1
s,34.2893,is,105.5703,1
 ,53.9654,s ,88.2547,1
r,128.9477, r,182.9131,1
i,85.5545,ri,214.5022,1
g,27.2127,ig,112.7672,1
h,93.27,gh,120.4827,1
t,38.5214,ht,131.7914,1
 ,30.1815,t ,68.7029,1
f,142.3563, f,172.5378,1
o,29.1827,fo,171.539,1
o,146.4873,oo,175.67,1
t,57.2527,ot,203.74,1
.,89.854,t.,147.1067,1
e,41.6065,he,174.1988,1
 ,58.0158,e ,99.6223,1
p,102.4638, p,160.4796,1
r,58.7063,pr,161.1701,1
i,71.4793,ri,130.1856,1
e,59.003,ie,130.4823,1
s,42.1098,es,101.1128,1
t,65.722,st,107.8318,1
 ,7.3828,t ,73.1048,1
s,132.7831, s,140.1659,1
h,27.8031,sh,160.5862,1
a,88.477,ha,116.2801,1
l,71.9343,al,160.4113,1
l,97.0659,ll,169.0002,1
 ,45.3604,l ,142.4263,1
p,79.4292, p,124.7896,1
o,66.697,po,146.1262,1
u,57.1061,ou,123.8031,1
r,42.0836,ur,99.1897,1
 ,28.0687,r ,70.1523,1
s,133.0537, s,161.1224,1
o,64.0722,so,197.1259,1
m,67.4981,om,131.5703,1
e,76.3949,me,143.893,1
 ,68.5978,e ,144.9927,1
o,63.5599, o,132.1577,1
f,66.4402,of,130.0001,1
 ,29.5151,f ,95.9553,1
t,132.9188, t,162.4339,1
h,2.6116,th,135.5304,1
e,37.4343,he,40.0459,1
 ,61.1041,e ,98.5384,1
o,83.6909, o,144.795,1
i,42.9777,oi,126.6686,1
l,27.9382,il,70.9159,1
 ,73.0039,l ,100.9421,1
i,69.6673, i,142.6712,1
n,60.5392,in,130.2065,1
t,50.6769,nt,111.2161,1
o,43.9911,to,94.668,1
 ,80.9016,o ,124.8927,1
t,129.5443, t,210.4459,1
h,15.7199,th,145.2642,1
e,3.5411,he,19.261,1
 ,121.6968,e ,125.2379,1
p,77.0859, p,198.7827,1
a,73.516,pa,150.6019,1
l,16.4284,al,89.9444,1
m,129.3281,lm,145.7565,1
 ,29.4829,m ,158.811,1
o,66.5019, o,95.9848,1
f,74.3469,of,140.8488,1
 ,43.4585,f ,117.8054,1
h,116.7997, h,160.2582,1
i,57.4306,hi,174.2303,1
s,36.6038,is,94.0344,1
 ,68.9817,s ,105.5855,1
o,69.767, o,138.7487,1
w,43.6791,ow,113.4461,1
n,41.9378,wn,85.6169,1
 ,45.9794,n ,87.9172,1
l,143.9657, l,189.9451,1
e,61.9594,le,205.9251,1
f,68.1371,ef,130.0965,1
t,117.936,ft,186.0731,1
 ,27.5191,t ,145.4551,1
h,129.1402, h,156.6593,1
a,92.1766,ha,221.3168,1
n,37.5918,an,129.7684,1
d,53.756,nd,91.3478,1
;,75.0443,d;,128.8003,1
d,43.108,nd,102.3536,1
 ,15.533,d ,58.641,1
t,391.6998, t,407.2328,1
h,3.1439,th,394.8437,1
e,39.0557,he,42.1996,1
 ,104.5339,e ,143.5896,1
p,73.0189, p,177.5528,1
r,39.213,pr,112.2319,1
i,71.8431,ri,111.0561,1
e,44.2285,ie,116.0716,1
s,30.53,es,74.7585,1
t,44.0471,st,74.5771,1
 ,13.5759,t ,57.623,1
s,115.0033, s,128.5792,1
h,12.3723,sh,127.3756,1
a,103.169,ha,115.5413,1
l,57.021,al,160.19,1
l,103.0673,ll,160.0883,1
 ,26.6178,l ,129.6851,1
s,173.8331, s,200.4509,1
p,133.7671,sp,307.6002,1
r,71.3957,pr,205.1628,1
i,117.6936,ri,189.0893,1
n,71.1989,in,188.8925,1
k,86.4397,nk,157.6386,1
l,57.9806,kl,144.4203,1
e,91.0463,le,149.0269,1
 ,49.3395,e ,140.3858,1
w,130.2582, w,179.5977,1
i,59.7581,wi,190.0163,1
t,102.2673,it,162.0254,1
h,19.0572,th,121.3245,1
 ,24.2003,h ,43.2575,1
h,131.7612, h,155.9615,1
i,71.0205,hi,202.7817,1
s,45.1285,is,116.149,1
 ,56.7334,s ,101.8619,1
r,129.7313, r,186.4647,1
i,63.8267,ri,193.558,1
g,52.3335,ig,116.1602,1
h,78.3058,gh,130.6393,1
t,37.665,ht,115.9708,1
 ,45.6094,t ,83.2744,1
f,98.245, f,143.8544,1
i,87.8796,fi,186.1246,1
n,54.9344,in,142.814,1
g,14.3211,ng,69.2555,1
e,89.8924,ge,104.2135,1
r,46.4822,er,136.3746,1
 ,25.5557,r ,72.0379,1
s,130.3976, s,155.9533,1
o,29.6323,so,160.0299,1
m,74.3892,om,104.0215,1
e,55.2667,me,129.6559,1
 ,94.34,e ,149.6067,1
o,53.9614, o,148.3014,1
f,56.8648,of,110.8262,1
 ,14.2383,f ,71.1031,1
t,133.1492, t,147.3875,1
h,3.3593,th,136.5085,1
e,37.8168,he,41.1761,1
 ,58.5382,e ,96.355,1
o,83.7342, o,142.2724,1
i,57.4724,oi,141.2066,1
l,14.4515,il,71.9239,1
 ,124.0151,l ,138.4666,1
t,94.8081, t,218.8232,1
h,26.5125,th,121.3206,1
a,79.6991,ha,106.2116,1
t,65.4985,at,145.1976,1
 ,28.2789,t ,93.7774,1
i,76.3023, i,104.5812,1
s,91.4791,is,167.7814,1
 ,21.7669,s ,113.246,1
i,76.9903, i,98.7572,1
n,80.9747,in,157.965,1
 ,30.0445,n ,111.0192,1
h,172.7617, h,202.8062,1
i,83.3285,hi,256.0902,1
s,73.4821,is,156.8106,1
 ,43.9696,s ,117.4517,1
l,115.8023, l,159.7719,1
e,72.221,le,188.0233,1
f,59.5035,ef,131.7245,1
t,129.2441,ft,188.7476,1
 ,12.7941,t ,142.0382,1
h,130.1552, h,142.9493,1
a,87.9416,ha,218.0968,1
n,42.9261,an,130.8677,1
d,43.5256,nd,86.4517,1
 ,14.6382,d ,58.1638,1
s,73.1929, s,87.8311,1
e,57.1246,se,130.3175,1
v,89.441,ev,146.5656,1
e,60.7643,ve,150.2053,1
n,76.762,en,137.5263,1
 ,28.981,n ,105.743,1
t,116.1141, t,145.0951,1
i,59.8217,ti,175.9358,1
m,85.8348,im,145.6565,1
e,72.0049,me,157.8397,1
s,28.0586,es,100.0635,1
 ,105.8583,s ,133.9169,1
b,127.8255, b,233.6838,1
e,65.2649,be,193.0904,1
r,49.8025,or,110.0445,1
e,58.3384,re,108.1409,1
 ,57.6026,e ,115.941,1
t,117.9142, t,175.5168,1
h,27.7305,th,145.6447,1
e,30.4506,he,58.1811,1
 ,56.7081,e ,87.1587,1
L,142.5542, L,199.2623,1
O,103.8232,LO,246.3774,1
R,43.5278,OR,147.351,1
D,57.2376,RD,100.7654,1
.,350.3106,D.,407.5482,1
