,Book_Order,Book_Name,Chapter_Name,Book_and_Chapter,Characters,Characters_Typed,Proportion Typed
0,1,GEN,1,GEN 1,3831,3831,1.0
1,1,GEN,2,GEN 2,2966,2966,1.0
2,1,GEN,3,GEN 3,3247,3247,1.0
3,1,GEN,4,GEN 4,2993,2993,1.0
4,1,GEN,5,GEN 5,2965,2965,1.0
5,1,GEN,6,GEN 6,2707,2707,1.0
6,1,GEN,7,GEN 7,2669,2669,1.0
7,1,GEN,8,GEN 8,2735,2735,1.0
8,1,GEN,9,GEN 9,3130,3130,1.0
9,1,GEN,10,GEN 10,2582,2582,1.0
10,1,GEN,11,GEN 11,3435,3435,1.0
11,1,GEN,12,GEN 12,2473,2473,1.0
12,1,GEN,13,GEN 13,2169,2169,1.0
13,1,GEN,14,GEN 14,3050,3050,1.0
14,1,GEN,15,GEN 15,2262,2262,1.0
15,1,GEN,16,GEN 16,2022,2022,1.0
16,1,GEN,17,GEN 17,3448,3448,1.0
17,1,GEN,18,GEN 18,4059,4059,1.0
18,1,GEN,19,GEN 19,5193,5193,1.0
19,1,GEN,20,GEN 20,2472,2472,1.0
20,1,GEN,21,GEN 21,3750,3750,1.0
21,1,GEN,22,GEN 22,2932,2932,1.0
22,1,GEN,23,GEN 23,2577,2577,1.0
23,1,GEN,24,GEN 24,8490,8490,1.0
24,1,GEN,25,GEN 25,3454,3454,1.0
25,1,GEN,26,GEN 26,4288,4288,1.0
26,1,GEN,27,GEN 27,5813,5813,1.0
27,1,GEN,28,GEN 28,2929,2929,1.0
28,1,GEN,29,GEN 29,3955,3955,1.0
29,1,GEN,30,GEN 30,4945,4945,1.0
30,1,GEN,31,GEN 31,6821,6821,1.0
31,1,GEN,32,GEN 32,3980,3980,1.0
32,1,GEN,33,GEN 33,2488,2488,1.0
33,1,GEN,34,GEN 34,3891,3891,1.0
34,1,GEN,35,GEN 35,3145,3145,1.0
35,1,GEN,36,GEN 36,4463,4463,1.0
36,1,GEN,37,GEN 37,4603,4603,1.0
37,1,GEN,38,GEN 38,3806,3806,1.0
38,1,GEN,39,GEN 39,2913,2913,1.0
39,1,GEN,40,GEN 40,2787,2787,1.0
40,1,GEN,41,GEN 41,6768,6768,1.0
41,1,GEN,42,GEN 42,4798,4798,1.0
42,1,GEN,43,GEN 43,4533,4533,1.0
43,1,GEN,44,GEN 44,4119,4119,1.0
44,1,GEN,45,GEN 45,3559,3559,1.0
45,1,GEN,46,GEN 46,3758,3758,1.0
46,1,GEN,47,GEN 47,4875,4875,1.0
47,1,GEN,48,GEN 48,3188,3188,1.0
48,1,GEN,49,GEN 49,3845,3845,1.0
49,1,GEN,50,GEN 50,3412,3412,1.0
50,2,EXO,1,EXO 1,2342,2342,1.0
51,2,EXO,2,EXO 2,3073,3073,1.0
52,2,EXO,3,EXO 3,3658,3658,1.0
53,2,EXO,4,EXO 4,4090,4090,1.0
54,2,EXO,5,EXO 5,3075,3075,1.0
55,2,EXO,6,EXO 6,3713,3713,1.0
56,2,EXO,7,EXO 7,3399,3399,1.0
57,2,EXO,8,EXO 8,4667,4667,1.0
58,2,EXO,9,EXO 9,4841,4841,1.0
59,2,EXO,10,EXO 10,4368,4368,1.0
60,2,EXO,11,EXO 11,1591,1591,1.0
61,2,EXO,12,EXO 12,7280,7280,1.0
62,2,EXO,13,EXO 13,3274,3274,1.0
63,2,EXO,14,EXO 14,4584,4584,1.0
64,2,EXO,15,EXO 15,3543,3543,1.0
65,2,EXO,16,EXO 16,5078,5078,1.0
66,2,EXO,17,EXO 17,2197,2197,1.0
67,2,EXO,18,EXO 18,3710,3710,1.0
68,2,EXO,19,EXO 19,3397,3397,1.0
69,2,EXO,20,EXO 20,2879,2879,1.0
70,2,EXO,21,EXO 21,4271,4271,1.0
71,2,EXO,22,EXO 22,3810,3810,1.0
72,2,EXO,23,EXO 23,4133,4133,1.0
73,2,EXO,24,EXO 24,2305,2305,1.0
74,2,EXO,25,EXO 25,4284,4284,1.0
75,2,EXO,26,EXO 26,4751,4751,1.0
76,2,EXO,27,EXO 27,2830,2830,1.0
77,2,EXO,28,EXO 28,6040,6040,1.0
78,2,EXO,29,EXO 29,6359,6359,1.0
79,2,EXO,30,EXO 30,4767,4767,1.0
80,2,EXO,31,EXO 31,2202,2202,1.0
81,2,EXO,32,EXO 32,5310,5310,1.0
82,2,EXO,33,EXO 33,3247,3247,1.0
83,2,EXO,34,EXO 34,5077,5077,1.0
84,2,EXO,35,EXO 35,4118,4118,1.0
85,2,EXO,36,EXO 36,4655,4655,1.0
86,2,EXO,37,EXO 37,3284,3284,1.0
87,2,EXO,38,EXO 38,4249,4249,1.0
88,2,EXO,39,EXO 39,5089,5089,1.0
89,2,EXO,40,EXO 40,3952,3952,1.0
90,3,LEV,1,LEV 1,2435,2435,1.0
91,3,LEV,2,LEV 2,2302,2302,1.0
92,3,LEV,3,LEV 3,2400,2400,1.0
93,3,LEV,4,LEV 4,5361,5361,1.0
94,3,LEV,5,LEV 5,3575,3575,1.0
95,3,LEV,6,LEV 6,4327,4327,1.0
96,3,LEV,7,LEV 7,5156,5156,1.0
97,3,LEV,8,LEV 8,4739,4739,1.0
98,3,LEV,9,LEV 9,3092,3092,1.0
99,3,LEV,10,LEV 10,3271,3271,1.0
100,3,LEV,11,LEV 11,5410,5410,1.0
101,3,LEV,12,LEV 12,1256,1256,1.0
102,3,LEV,13,LEV 13,8928,8928,1.0
103,3,LEV,14,LEV 14,8144,8144,1.0
104,3,LEV,15,LEV 15,4611,4611,1.0
105,3,LEV,16,LEV 16,5593,5593,1.0
106,3,LEV,17,LEV 17,2696,2696,1.0
107,3,LEV,18,LEV 18,3564,3564,1.0
108,3,LEV,19,LEV 19,4606,4606,1.0
109,3,LEV,20,LEV 20,4322,4322,1.0
110,3,LEV,21,LEV 21,2889,2889,1.0
111,3,LEV,22,LEV 22,4388,4388,1.0
112,3,LEV,23,LEV 23,6241,6241,1.0
113,3,LEV,24,LEV 24,2642,2642,1.0
114,3,LEV,25,LEV 25,7552,7552,1.0
115,3,LEV,26,LEV 26,6204,6204,1.0
116,3,LEV,27,LEV 27,4663,4663,1.0
117,4,NUM,1,NUM 1,6742,6742,1.0
118,4,NUM,2,NUM 2,4123,4123,1.0
119,4,NUM,3,NUM 3,6494,6494,1.0
120,4,NUM,4,NUM 4,6812,6812,1.0
121,4,NUM,5,NUM 5,4599,4599,1.0
122,4,NUM,6,NUM 6,3726,3726,1.0
123,4,NUM,7,NUM 7,10309,10309,1.0
124,4,NUM,8,NUM 8,3584,3584,1.0
125,4,NUM,9,NUM 9,3599,3599,1.0
126,4,NUM,10,NUM 10,4304,4304,1.0
127,4,NUM,11,NUM 11,5003,5003,1.0
128,4,NUM,12,NUM 12,1880,1880,1.0
129,4,NUM,13,NUM 13,3654,3654,1.0
130,4,NUM,14,NUM 14,6100,6100,1.0
131,4,NUM,15,NUM 15,5472,5472,1.0
132,4,NUM,16,NUM 16,6501,6501,1.0
133,4,NUM,17,NUM 17,1575,1575,1.0
134,4,NUM,18,NUM 18,5620,5620,1.0
135,4,NUM,19,NUM 19,3422,3422,1.0
136,4,NUM,20,NUM 20,3919,3919,1.0
137,4,NUM,21,NUM 21,4572,4572,1.0
138,4,NUM,22,NUM 22,5635,5635,1.0
139,4,NUM,23,NUM 23,3494,3494,1.0
140,4,NUM,24,NUM 24,3085,3085,1.0
141,4,NUM,25,NUM 25,2297,2297,1.0
142,4,NUM,26,NUM 26,7751,7751,1.0
143,4,NUM,27,NUM 27,3059,3059,1.0
144,4,NUM,28,NUM 28,3884,3884,1.0
145,4,NUM,29,NUM 29,5004,5004,1.0
146,4,NUM,30,NUM 30,2502,2502,1.0
147,4,NUM,31,NUM 31,6171,6171,1.0
148,4,NUM,32,NUM 32,5294,5294,1.0
149,4,NUM,33,NUM 33,5010,5010,1.0
150,4,NUM,34,NUM 34,3046,3046,1.0
151,4,NUM,35,NUM 35,4921,4921,1.0
152,4,NUM,36,NUM 36,2362,2362,1.0
153,5,DEU,1,DEU 1,6224,6224,1.0
154,5,DEU,2,DEU 2,5118,5118,1.0
155,5,DEU,3,DEU 3,4131,4131,1.0
156,5,DEU,4,DEU 4,7404,7404,1.0
157,5,DEU,5,DEU 5,4485,4485,1.0
158,5,DEU,6,DEU 6,3171,3171,1.0
159,5,DEU,7,DEU 7,4299,4299,1.0
160,5,DEU,8,DEU 8,2833,2833,1.0
161,5,DEU,9,DEU 9,4853,4853,1.0
162,5,DEU,10,DEU 10,2937,2937,1.0
163,5,DEU,11,DEU 11,4562,4562,1.0
164,5,DEU,12,DEU 12,5215,5215,1.0
165,5,DEU,13,DEU 13,2988,2988,1.0
166,5,DEU,14,DEU 14,3374,3374,1.0
167,5,DEU,15,DEU 15,3373,3373,1.0
168,5,DEU,16,DEU 16,3556,3556,1.0
169,5,DEU,17,DEU 17,3506,3506,1.0
170,5,DEU,18,DEU 18,3018,3018,1.0
171,5,DEU,19,DEU 19,3067,3067,1.0
172,5,DEU,20,DEU 20,3144,3144,1.0
173,5,DEU,21,DEU 21,3518,3518,1.0
174,5,DEU,22,DEU 22,4358,4358,1.0
175,5,DEU,23,DEU 23,3473,3473,1.0
176,5,DEU,24,DEU 24,3268,3268,1.0
177,5,DEU,25,DEU 25,2781,2781,1.0
178,5,DEU,26,DEU 26,3280,3280,1.0
179,5,DEU,27,DEU 27,2974,2974,1.0
180,5,DEU,28,DEU 28,10263,10263,1.0
181,5,DEU,29,DEU 29,4168,4168,1.0
182,5,DEU,30,DEU 30,3158,3158,1.0
183,5,DEU,31,DEU 31,4970,4970,1.0
184,5,DEU,32,DEU 32,6508,6508,1.0
185,5,DEU,33,DEU 33,3867,3867,1.0
186,5,DEU,34,DEU 34,1500,1500,1.0
187,6,JOS,1,JOS 1,2863,2863,1.0
188,6,JOS,2,JOS 2,3670,3670,1.0
189,6,JOS,3,JOS 3,2761,2761,1.0
190,6,JOS,4,JOS 4,3531,3531,1.0
191,6,JOS,5,JOS 5,2642,2642,1.0
192,6,JOS,6,JOS 6,4427,4427,1.0
193,6,JOS,7,JOS 7,4675,4675,1.0
194,6,JOS,8,JOS 8,5716,5716,1.0
195,6,JOS,9,JOS 9,3888,3888,1.0
196,6,JOS,10,JOS 10,6846,6846,1.0
197,6,JOS,11,JOS 11,3593,3593,1.0
198,6,JOS,12,JOS 12,2426,2426,1.0
199,6,JOS,13,JOS 13,4382,4382,1.0
200,6,JOS,14,JOS 14,2444,2444,1.0
201,6,JOS,15,JOS 15,5194,5194,1.0
202,6,JOS,16,JOS 16,1410,1410,1.0
203,6,JOS,17,JOS 17,3455,3455,1.0
204,6,JOS,18,JOS 18,3915,3915,1.0
205,6,JOS,19,JOS 19,4996,4996,1.0
206,6,JOS,20,JOS 20,1611,1611,1.0
207,6,JOS,21,JOS 21,5645,5645,1.0
208,6,JOS,22,JOS 22,6794,6794,1.0
209,6,JOS,23,JOS 23,2759,2759,1.0
210,6,JOS,24,JOS 24,5078,5078,1.0
211,7,JDG,1,JDG 1,4942,1667,0.33731282881424524
212,7,JDG,2,JDG 2,3441,0,0.0
213,7,JDG,3,JDG 3,4249,0,0.0
214,7,JDG,4,JDG 4,3709,0,0.0
215,7,JDG,5,JDG 5,3931,0,0.0
216,7,JDG,6,JDG 6,6189,0,0.0
217,7,JDG,7,JDG 7,4785,0,0.0
218,7,JDG,8,JDG 8,4895,0,0.0
219,7,JDG,9,JDG 9,8189,0,0.0
220,7,JDG,10,JDG 10,2435,0,0.0
221,7,JDG,11,JDG 11,6169,0,0.0
222,7,JDG,12,JDG 12,2077,0,0.0
223,7,JDG,13,JDG 13,3495,0,0.0
224,7,JDG,14,JDG 14,3295,0,0.0
225,7,JDG,15,JDG 15,3095,0,0.0
226,7,JDG,16,JDG 16,5253,0,0.0
227,7,JDG,17,JDG 17,1860,0,0.0
228,7,JDG,18,JDG 18,5036,0,0.0
229,7,JDG,19,JDG 19,5206,0,0.0
230,7,JDG,20,JDG 20,7368,38,0.00515743756786102
231,7,JDG,21,JDG 21,3746,0,0.0
232,8,RUT,1,RUT 1,3097,0,0.0
233,8,RUT,2,RUT 2,3674,0,0.0
234,8,RUT,3,RUT 3,2464,0,0.0
235,8,RUT,4,RUT 4,3270,0,0.0
236,9,1SA,1,1SA 1,3653,0,0.0
237,9,1SA,2,1SA 2,5345,0,0.0
238,9,1SA,3,1SA 3,2523,0,0.0
239,9,1SA,4,1SA 4,3554,0,0.0
240,9,1SA,5,1SA 5,2051,0,0.0
241,9,1SA,6,1SA 6,3692,0,0.0
242,9,1SA,7,1SA 7,2601,0,0.0
243,9,1SA,8,1SA 8,2674,0,0.0
244,9,1SA,9,1SA 9,4670,0,0.0
245,9,1SA,10,1SA 10,4246,0,0.0
246,9,1SA,11,1SA 11,2375,0,0.0
247,9,1SA,12,1SA 12,3806,0,0.0
248,9,1SA,13,1SA 13,3660,0,0.0
249,9,1SA,14,1SA 14,8109,0,0.0
250,9,1SA,15,1SA 15,4833,0,0.0
251,9,1SA,16,1SA 16,3267,0,0.0
252,9,1SA,17,1SA 17,8361,0,0.0
253,9,1SA,18,1SA 18,4042,0,0.0
254,9,1SA,19,1SA 19,3419,0,0.0
255,9,1SA,20,1SA 20,6127,0,0.0
256,9,1SA,21,1SA 21,2472,0,0.0
257,9,1SA,22,1SA 22,3727,0,0.0
258,9,1SA,23,1SA 23,4132,0,0.0
259,9,1SA,24,1SA 24,3152,0,0.0
260,9,1SA,25,1SA 25,6840,0,0.0
261,9,1SA,26,1SA 26,4216,0,0.0
262,9,1SA,27,1SA 27,1940,0,0.0
263,9,1SA,28,1SA 28,4051,0,0.0
264,9,1SA,29,1SA 29,2144,0,0.0
265,9,1SA,30,1SA 30,4756,0,0.0
266,9,1SA,31,1SA 31,1803,0,0.0
267,10,2SA,1,2SA 1,3434,0,0.0
268,10,2SA,2,2SA 2,4434,0,0.0
269,10,2SA,3,2SA 3,5579,0,0.0
270,10,2SA,4,2SA 4,2131,0,0.0
271,10,2SA,5,2SA 5,3121,0,0.0
272,10,2SA,6,2SA 6,3321,0,0.0
273,10,2SA,7,2SA 7,4130,0,0.0
274,10,2SA,8,2SA 8,2366,0,0.0
275,10,2SA,9,2SA 9,1934,0,0.0
276,10,2SA,10,2SA 10,3080,0,0.0
277,10,2SA,11,2SA 11,3811,0,0.0
278,10,2SA,12,2SA 12,4810,0,0.0
279,10,2SA,13,2SA 13,5527,0,0.0
280,10,2SA,14,2SA 14,5344,0,0.0
281,10,2SA,15,2SA 15,5406,0,0.0
282,10,2SA,16,2SA 16,3585,0,0.0
283,10,2SA,17,2SA 17,4637,0,0.0
284,10,2SA,18,2SA 18,5435,0,0.0
285,10,2SA,19,2SA 19,7023,0,0.0
286,10,2SA,20,2SA 20,4192,0,0.0
287,10,2SA,21,2SA 21,3939,0,0.0
288,10,2SA,22,2SA 22,4631,0,0.0
289,10,2SA,23,2SA 23,4441,0,0.0
290,10,2SA,24,2SA 24,4241,0,0.0
291,11,1KI,1,1KI 1,7452,0,0.0
292,11,1KI,2,1KI 2,7237,0,0.0
293,11,1KI,3,1KI 3,4180,0,0.0
294,11,1KI,4,1KI 4,3633,0,0.0
295,11,1KI,5,1KI 5,2676,0,0.0
296,11,1KI,6,1KI 6,5002,0,0.0
297,11,1KI,7,1KI 7,7124,0,0.0
298,11,1KI,8,1KI 8,10862,0,0.0
299,11,1KI,9,1KI 9,4136,0,0.0
300,11,1KI,10,1KI 10,4229,0,0.0
301,11,1KI,11,1KI 11,6313,0,0.0
302,11,1KI,12,1KI 12,5174,0,0.0
303,11,1KI,13,1KI 13,5170,0,0.0
304,11,1KI,14,1KI 14,4840,0,0.0
305,11,1KI,15,1KI 15,4757,0,0.0
306,11,1KI,16,1KI 16,5037,0,0.0
307,11,1KI,17,1KI 17,3067,0,0.0
308,11,1KI,18,1KI 18,6470,0,0.0
309,11,1KI,19,1KI 19,3470,0,0.0
310,11,1KI,20,1KI 20,7113,0,0.0
311,11,1KI,21,1KI 21,4407,0,0.0
312,11,1KI,22,1KI 22,7377,0,0.0
313,12,2KI,1,2KI 1,3104,0,0.0
314,12,2KI,2,2KI 2,3834,0,0.0
315,12,2KI,3,2KI 3,4215,0,0.0
316,12,2KI,4,2KI 4,6166,0,0.0
317,12,2KI,5,2KI 5,4732,0,0.0
318,12,2KI,6,2KI 6,4768,0,0.0
319,12,2KI,7,2KI 7,3976,0,0.0
320,12,2KI,8,2KI 8,4610,0,0.0
321,12,2KI,9,2KI 9,5769,0,0.0
322,12,2KI,10,2KI 10,5890,0,0.0
323,12,2KI,11,2KI 11,3587,0,0.0
324,12,2KI,12,2KI 12,3499,0,0.0
325,12,2KI,13,2KI 13,3834,0,0.0
326,12,2KI,14,2KI 14,4377,0,0.0
327,12,2KI,15,2KI 15,5406,0,0.0
328,12,2KI,16,2KI 16,3261,0,0.0
329,12,2KI,17,2KI 17,6572,191,0.0290626902008521
330,12,2KI,18,2KI 18,6026,0,0.0
331,12,2KI,19,2KI 19,5628,0,0.0
332,12,2KI,20,2KI 20,3218,0,0.0
333,12,2KI,21,2KI 21,3759,0,0.0
334,12,2KI,22,2KI 22,3468,0,0.0
335,12,2KI,23,2KI 23,7358,0,0.0
336,12,2KI,24,2KI 24,3030,0,0.0
337,12,2KI,25,2KI 25,4877,0,0.0
338,13,1CH,1,1CH 1,3487,0,0.0
339,13,1CH,2,1CH 2,4798,0,0.0
340,13,1CH,3,1CH 3,1899,0,0.0
341,13,1CH,4,1CH 4,4424,0,0.0
342,13,1CH,5,1CH 5,3362,0,0.0
343,13,1CH,6,1CH 6,7362,0,0.0
344,13,1CH,7,1CH 7,4092,0,0.0
345,13,1CH,8,1CH 8,2644,0,0.0
346,13,1CH,9,1CH 9,5138,0,0.0
347,13,1CH,10,1CH 10,1881,0,0.0
348,13,1CH,11,1CH 11,5023,0,0.0
349,13,1CH,12,1CH 12,5168,0,0.0
350,13,1CH,13,1CH 13,1866,0,0.0
351,13,1CH,14,1CH 14,1763,0,0.0
352,13,1CH,15,1CH 15,3642,0,0.0
353,13,1CH,16,1CH 16,4366,0,0.0
354,13,1CH,17,1CH 17,3741,0,0.0
355,13,1CH,18,1CH 18,2199,0,0.0
356,13,1CH,19,1CH 19,3176,0,0.0
357,13,1CH,20,1CH 20,1337,0,0.0
358,13,1CH,21,1CH 21,4553,0,0.0
359,13,1CH,22,1CH 22,3035,0,0.0
360,13,1CH,23,1CH 23,3473,0,0.0
361,13,1CH,24,1CH 24,2889,0,0.0
362,13,1CH,25,1CH 25,2912,0,0.0
363,13,1CH,26,1CH 26,3928,0,0.0
364,13,1CH,27,1CH 27,4257,0,0.0
365,13,1CH,28,1CH 28,4062,0,0.0
366,13,1CH,29,1CH 29,5052,0,0.0
367,14,2CH,1,2CH 1,2650,0,0.0
368,14,2CH,2,2CH 2,3254,0,0.0
369,14,2CH,3,2CH 3,2410,0,0.0
370,14,2CH,4,2CH 4,2825,0,0.0
371,14,2CH,5,2CH 5,2461,0,0.0
372,14,2CH,6,2CH 6,7100,0,0.0
373,14,2CH,7,2CH 7,3770,0,0.0
374,14,2CH,8,2CH 8,2768,0,0.0
375,14,2CH,9,2CH 9,4487,0,0.0
376,14,2CH,10,2CH 10,2862,0,0.0
377,14,2CH,11,2CH 11,2562,0,0.0
378,14,2CH,12,2CH 12,2537,0,0.0
379,14,2CH,13,2CH 13,3315,0,0.0
380,14,2CH,14,2CH 14,2249,0,0.0
381,14,2CH,15,2CH 15,2582,0,0.0
382,14,2CH,16,2CH 16,2336,0,0.0
383,14,2CH,17,2CH 17,2420,0,0.0
384,14,2CH,18,2CH 18,5088,0,0.0
385,14,2CH,19,2CH 19,1853,0,0.0
386,14,2CH,20,2CH 20,5907,0,0.0
387,14,2CH,21,2CH 21,3152,0,0.0
388,14,2CH,22,2CH 22,2230,0,0.0
389,14,2CH,23,2CH 23,3830,0,0.0
390,14,2CH,24,2CH 24,4624,0,0.0
391,14,2CH,25,2CH 25,4872,0,0.0
392,14,2CH,26,2CH 26,3717,0,0.0
393,14,2CH,27,2CH 27,1239,0,0.0
394,14,2CH,28,2CH 28,4613,0,0.0
395,14,2CH,29,2CH 29,6027,0,0.0
396,14,2CH,30,2CH 30,4736,0,0.0
397,14,2CH,31,2CH 31,4062,0,0.0
398,14,2CH,32,2CH 32,5601,0,0.0
399,14,2CH,33,2CH 33,3932,0,0.0
400,14,2CH,34,2CH 34,6064,0,0.0
401,14,2CH,35,2CH 35,4911,0,0.0
402,14,2CH,36,2CH 36,3761,0,0.0
403,15,EZR,1,EZR 1,1903,0,0.0
404,15,EZR,2,EZR 2,5613,0,0.0
405,15,EZR,3,EZR 3,2892,0,0.0
406,15,EZR,4,EZR 4,3923,0,0.0
407,15,EZR,5,EZR 5,2942,0,0.0
408,15,EZR,6,EZR 6,4056,0,0.0
409,15,EZR,7,EZR 7,4320,0,0.0
410,15,EZR,8,EZR 8,4982,0,0.0
411,15,EZR,9,EZR 9,3171,0,0.0
412,15,EZR,10,EZR 10,4890,0,0.0
413,16,NEH,1,NEH 1,2009,0,0.0
414,16,NEH,2,NEH 2,3376,0,0.0
415,16,NEH,3,NEH 3,4734,0,0.0
416,16,NEH,4,NEH 4,3352,0,0.0
417,16,NEH,5,NEH 5,3279,0,0.0
418,16,NEH,6,NEH 6,2880,0,0.0
419,16,NEH,7,NEH 7,6460,0,0.0
420,16,NEH,8,NEH 8,3546,0,0.0
421,16,NEH,9,NEH 9,7109,0,0.0
422,16,NEH,10,NEH 10,3573,0,0.0
423,16,NEH,11,NEH 11,4057,0,0.0
424,16,NEH,12,NEH 12,5353,0,0.0
425,16,NEH,13,NEH 13,4952,0,0.0
426,18,JOB,1,JOB 1,3293,0,0.0
427,18,JOB,2,JOB 2,1945,0,0.0
428,18,JOB,3,JOB 3,2134,0,0.0
429,18,JOB,4,JOB 4,1720,0,0.0
430,18,JOB,5,JOB 5,2232,0,0.0
431,18,JOB,6,JOB 6,2465,0,0.0
432,18,JOB,7,JOB 7,1842,0,0.0
433,18,JOB,8,JOB 8,1734,0,0.0
434,18,JOB,9,JOB 9,2618,0,0.0
435,18,JOB,10,JOB 10,1930,0,0.0
436,18,JOB,11,JOB 11,1688,0,0.0
437,18,JOB,12,JOB 12,2045,0,0.0
438,18,JOB,13,JOB 13,1985,0,0.0
439,18,JOB,14,JOB 14,1938,0,0.0
440,18,JOB,15,JOB 15,2912,0,0.0
441,18,JOB,16,JOB 16,1806,0,0.0
442,18,JOB,17,JOB 17,1275,0,0.0
443,18,JOB,18,JOB 18,1642,0,0.0
444,18,JOB,19,JOB 19,2222,0,0.0
445,18,JOB,20,JOB 20,2557,0,0.0
446,18,JOB,21,JOB 21,2580,0,0.0
447,18,JOB,22,JOB 22,2429,0,0.0
448,18,JOB,23,JOB 23,1356,0,0.0
449,18,JOB,24,JOB 24,2429,0,0.0
450,18,JOB,25,JOB 25,391,0,0.0
451,18,JOB,26,JOB 26,1086,0,0.0
452,18,JOB,27,JOB 27,1858,0,0.0
453,18,JOB,28,JOB 28,2228,0,0.0
454,18,JOB,29,JOB 29,1867,0,0.0
455,18,JOB,30,JOB 30,2528,0,0.0
456,18,JOB,31,JOB 31,3419,0,0.0
457,18,JOB,32,JOB 32,1958,0,0.0
458,18,JOB,33,JOB 33,2608,0,0.0
459,18,JOB,34,JOB 34,3083,0,0.0
460,18,JOB,35,JOB 35,1317,0,0.0
461,18,JOB,36,JOB 36,2679,0,0.0
462,18,JOB,37,JOB 37,2032,0,0.0
463,18,JOB,38,JOB 38,3175,0,0.0
464,18,JOB,39,JOB 39,2542,0,0.0
465,18,JOB,40,JOB 40,1770,0,0.0
466,18,JOB,41,JOB 41,2496,0,0.0
467,18,JOB,42,JOB 42,2239,0,0.0
468,19,PSA,1,PSA 1,627,132,0.21052631578947367
469,19,PSA,2,PSA 2,1032,0,0.0
470,19,PSA,3,PSA 3,738,0,0.0
471,19,PSA,4,PSA 4,830,0,0.0
472,19,PSA,5,PSA 5,1317,0,0.0
473,19,PSA,6,PSA 6,882,0,0.0
474,19,PSA,7,PSA 7,1737,0,0.0
475,19,PSA,8,PSA 8,887,0,0.0
476,19,PSA,9,PSA 9,1908,0,0.0
477,19,PSA,10,PSA 10,1711,0,0.0
478,19,PSA,11,PSA 11,724,0,0.0
479,19,PSA,12,PSA 12,834,0,0.0
480,19,PSA,13,PSA 13,548,0,0.0
481,19,PSA,14,PSA 14,805,0,0.0
482,19,PSA,15,PSA 15,548,0,0.0
483,19,PSA,16,PSA 16,1029,0,0.0
484,19,PSA,17,PSA 17,1476,0,0.0
485,19,PSA,18,PSA 18,4727,0,0.0
486,19,PSA,19,PSA 19,1438,0,0.0
487,19,PSA,20,PSA 20,795,0,0.0
488,19,PSA,21,PSA 21,1212,0,0.0
489,19,PSA,22,PSA 22,2877,0,0.0
490,19,PSA,23,PSA 23,594,0,0.0
491,19,PSA,24,PSA 24,886,0,0.0
492,19,PSA,25,PSA 25,1696,0,0.0
493,19,PSA,26,PSA 26,902,0,0.0
494,19,PSA,27,PSA 27,1607,0,0.0
495,19,PSA,28,PSA 28,1075,0,0.0
496,19,PSA,29,PSA 29,903,0,0.0
497,19,PSA,30,PSA 30,1133,0,0.0
498,19,PSA,31,PSA 31,2511,0,0.0
499,19,PSA,32,PSA 32,1231,0,0.0
500,19,PSA,33,PSA 33,1752,0,0.0
501,19,PSA,34,PSA 34,1790,0,0.0
502,19,PSA,35,PSA 35,2852,0,0.0
503,19,PSA,36,PSA 36,1220,0,0.0
504,19,PSA,37,PSA 37,3537,0,0.0
505,19,PSA,38,PSA 38,1702,0,0.0
506,19,PSA,39,PSA 39,1287,0,0.0
507,19,PSA,40,PSA 40,2067,0,0.0
508,19,PSA,41,PSA 41,1201,0,0.0
509,19,PSA,42,PSA 42,1382,0,0.0
510,19,PSA,43,PSA 43,588,0,0.0
511,19,PSA,44,PSA 44,2313,0,0.0
512,19,PSA,45,PSA 45,1829,0,0.0
513,19,PSA,46,PSA 46,1042,0,0.0
514,19,PSA,47,PSA 47,752,0,0.0
515,19,PSA,48,PSA 48,1173,0,0.0
516,19,PSA,49,PSA 49,1785,0,0.0
517,19,PSA,50,PSA 50,1949,0,0.0
518,19,PSA,51,PSA 51,1781,0,0.0
519,19,PSA,52,PSA 52,1008,0,0.0
520,19,PSA,53,PSA 53,863,0,0.0
521,19,PSA,54,PSA 54,704,0,0.0
522,19,PSA,55,PSA 55,2200,0,0.0
523,19,PSA,56,PSA 56,1191,0,0.0
524,19,PSA,57,PSA 57,1247,0,0.0
525,19,PSA,58,PSA 58,1151,0,0.0
526,19,PSA,59,PSA 59,1805,0,0.0
527,19,PSA,60,PSA 60,1254,0,0.0
528,19,PSA,61,PSA 61,726,0,0.0
529,19,PSA,62,PSA 62,1194,0,0.0
530,19,PSA,63,PSA 63,1009,0,0.0
531,19,PSA,64,PSA 64,940,0,0.0
532,19,PSA,65,PSA 65,1341,0,0.0
533,19,PSA,66,PSA 66,1645,0,0.0
534,19,PSA,67,PSA 67,609,0,0.0
535,19,PSA,68,PSA 68,3609,0,0.0
536,19,PSA,69,PSA 69,3305,0,0.0
537,19,PSA,70,PSA 70,508,0,0.0
538,19,PSA,71,PSA 71,2178,0,0.0
539,19,PSA,72,PSA 72,1838,0,0.0
540,19,PSA,73,PSA 73,2147,0,0.0
541,19,PSA,74,PSA 74,2150,0,0.0
542,19,PSA,75,PSA 75,946,0,0.0
543,19,PSA,76,PSA 76,1040,0,0.0
544,19,PSA,77,PSA 77,1701,0,0.0
545,19,PSA,78,PSA 78,6355,0,0.0
546,19,PSA,79,PSA 79,1465,0,0.0
547,19,PSA,80,PSA 80,1616,0,0.0
548,19,PSA,81,PSA 81,1464,0,0.0
549,19,PSA,82,PSA 82,642,0,0.0
550,19,PSA,83,PSA 83,1393,0,0.0
551,19,PSA,84,PSA 84,1211,0,0.0
552,19,PSA,85,PSA 85,1101,0,0.0
553,19,PSA,86,PSA 86,1509,0,0.0
554,19,PSA,87,PSA 87,611,0,0.0
555,19,PSA,88,PSA 88,1600,0,0.0
556,19,PSA,89,PSA 89,4441,0,0.0
557,19,PSA,90,PSA 90,1536,0,0.0
558,19,PSA,91,PSA 91,1433,0,0.0
559,19,PSA,92,PSA 92,1263,0,0.0
560,19,PSA,93,PSA 93,462,0,0.0
561,19,PSA,94,PSA 94,1781,0,0.0
562,19,PSA,95,PSA 95,897,0,0.0
563,19,PSA,96,PSA 96,1132,0,0.0
564,19,PSA,97,PSA 97,1020,0,0.0
565,19,PSA,98,PSA 98,932,0,0.0
566,19,PSA,99,PSA 99,810,0,0.0
567,19,PSA,100,PSA 100,462,0,0.0
568,19,PSA,101,PSA 101,857,0,0.0
569,19,PSA,102,PSA 102,2343,0,0.0
570,19,PSA,103,PSA 103,1826,0,0.0
571,19,PSA,104,PSA 104,2910,0,0.0
572,19,PSA,105,PSA 105,3226,0,0.0
573,19,PSA,106,PSA 106,4061,0,0.0
574,19,PSA,107,PSA 107,3518,0,0.0
575,19,PSA,108,PSA 108,1036,0,0.0
576,19,PSA,109,PSA 109,2659,0,0.0
577,19,PSA,110,PSA 110,711,0,0.0
578,19,PSA,111,PSA 111,894,0,0.0
579,19,PSA,112,PSA 112,906,0,0.0
580,19,PSA,113,PSA 113,629,0,0.0
581,19,PSA,114,PSA 114,549,0,0.0
582,19,PSA,115,PSA 115,1348,0,0.0
583,19,PSA,116,PSA 116,1366,0,0.0
584,19,PSA,117,PSA 117,162,0,0.0
585,19,PSA,118,PSA 118,2253,0,0.0
586,19,PSA,119,PSA 119,12577,0,0.0
587,19,PSA,120,PSA 120,455,0,0.0
588,19,PSA,121,PSA 121,553,0,0.0
589,19,PSA,122,PSA 122,662,0,0.0
590,19,PSA,123,PSA 123,435,0,0.0
591,19,PSA,124,PSA 124,620,0,0.0
592,19,PSA,125,PSA 125,564,0,0.0
593,19,PSA,126,PSA 126,516,0,0.0
594,19,PSA,127,PSA 127,558,0,0.0
595,19,PSA,128,PSA 128,518,0,0.0
596,19,PSA,129,PSA 129,634,0,0.0
597,19,PSA,130,PSA 130,561,0,0.0
598,19,PSA,131,PSA 131,341,0,0.0
599,19,PSA,132,PSA 132,1417,0,0.0
600,19,PSA,133,PSA 133,357,0,0.0
601,19,PSA,134,PSA 134,232,0,0.0
602,19,PSA,135,PSA 135,1608,0,0.0
603,19,PSA,136,PSA 136,2033,0,0.0
604,19,PSA,137,PSA 137,795,0,0.0
605,19,PSA,138,PSA 138,906,0,0.0
606,19,PSA,139,PSA 139,1979,0,0.0
607,19,PSA,140,PSA 140,1286,0,0.0
608,19,PSA,141,PSA 141,1016,0,0.0
609,19,PSA,142,PSA 142,759,0,0.0
610,19,PSA,143,PSA 143,1249,0,0.0
611,19,PSA,144,PSA 144,1446,0,0.0
612,19,PSA,145,PSA 145,1739,0,0.0
613,19,PSA,146,PSA 146,874,0,0.0
614,19,PSA,147,PSA 147,1522,0,0.0
615,19,PSA,148,PSA 148,1060,0,0.0
616,19,PSA,149,PSA 149,730,0,0.0
617,19,PSA,150,PSA 150,465,0,0.0
618,20,PRO,1,PRO 1,2732,0,0.0
619,20,PRO,2,PRO 2,1645,0,0.0
620,20,PRO,3,PRO 3,2746,0,0.0
621,20,PRO,4,PRO 4,2097,0,0.0
622,20,PRO,5,PRO 5,1763,0,0.0
623,20,PRO,6,PRO 6,2878,0,0.0
624,20,PRO,7,PRO 7,2077,0,0.0
625,20,PRO,8,PRO 8,2795,0,0.0
626,20,PRO,9,PRO 9,1453,0,0.0
627,20,PRO,10,PRO 10,2756,0,0.0
628,20,PRO,11,PRO 11,2856,0,0.0
629,20,PRO,12,PRO 12,2439,0,0.0
630,20,PRO,13,PRO 13,2107,0,0.0
631,20,PRO,14,PRO 14,2940,0,0.0
632,20,PRO,15,PRO 15,2744,0,0.0
633,20,PRO,16,PRO 16,2691,0,0.0
634,20,PRO,17,PRO 17,2484,0,0.0
635,20,PRO,18,PRO 18,1891,0,0.0
636,20,PRO,19,PRO 19,2517,0,0.0
637,20,PRO,20,PRO 20,2508,0,0.0
638,20,PRO,21,PRO 21,2590,0,0.0
639,20,PRO,22,PRO 22,2345,0,0.0
640,20,PRO,23,PRO 23,2781,0,0.0
641,20,PRO,24,PRO 24,2846,0,0.0
642,20,PRO,25,PRO 25,2520,0,0.0
643,20,PRO,26,PRO 26,2257,0,0.0
644,20,PRO,27,PRO 27,2290,0,0.0
645,20,PRO,28,PRO 28,2518,0,0.0
646,20,PRO,29,PRO 29,2204,0,0.0
647,20,PRO,30,PRO 30,3179,0,0.0
648,20,PRO,31,PRO 31,2332,0,0.0
649,21,ECC,1,ECC 1,1950,0,0.0
650,21,ECC,2,ECC 2,3595,0,0.0
651,21,ECC,3,ECC 3,2447,0,0.0
652,21,ECC,4,ECC 4,1883,0,0.0
653,21,ECC,5,ECC 5,2608,0,0.0
654,21,ECC,6,ECC 6,1450,0,0.0
655,21,ECC,7,ECC 7,3099,0,0.0
656,21,ECC,8,ECC 8,2430,0,0.0
657,21,ECC,9,ECC 9,2713,0,0.0
658,21,ECC,10,ECC 10,2010,0,0.0
659,21,ECC,11,ECC 11,1337,0,0.0
660,21,ECC,12,ECC 12,1897,0,0.0
661,22,SNG,1,SNG 1,1607,0,0.0
662,22,SNG,2,SNG 2,1697,191,0.11255156157925751
663,22,SNG,3,SNG 3,1381,0,0.0
664,22,SNG,4,SNG 4,1932,0,0.0
665,22,SNG,5,SNG 5,1961,0,0.0
666,22,SNG,6,SNG 6,1498,0,0.0
667,22,SNG,7,SNG 7,1423,0,0.0
668,22,SNG,8,SNG 8,1704,0,0.0
669,23,ISA,1,ISA 1,3884,0,0.0
670,23,ISA,2,ISA 2,2810,0,0.0
671,23,ISA,3,ISA 3,2920,0,0.0
672,23,ISA,4,ISA 4,987,0,0.0
673,23,ISA,5,ISA 5,4289,0,0.0
674,23,ISA,6,ISA 6,1718,0,0.0
675,23,ISA,7,ISA 7,3310,0,0.0
676,23,ISA,8,ISA 8,2804,0,0.0
677,23,ISA,9,ISA 9,3122,0,0.0
678,23,ISA,10,ISA 10,4612,0,0.0
679,23,ISA,11,ISA 11,2500,0,0.0
680,23,ISA,12,ISA 12,683,0,0.0
681,23,ISA,13,ISA 13,2894,0,0.0
682,23,ISA,14,ISA 14,4291,0,0.0
683,23,ISA,15,ISA 15,1286,0,0.0
684,23,ISA,16,ISA 16,2172,0,0.0
685,23,ISA,17,ISA 17,2175,0,0.0
686,23,ISA,18,ISA 18,1334,0,0.0
687,23,ISA,19,ISA 19,3607,0,0.0
688,23,ISA,20,ISA 20,923,0,0.0
689,23,ISA,21,ISA 21,2109,0,0.0
690,23,ISA,22,ISA 22,3289,0,0.0
691,23,ISA,23,ISA 23,2420,0,0.0
692,23,ISA,24,ISA 24,2957,0,0.0
693,23,ISA,25,ISA 25,1829,0,0.0
694,23,ISA,26,ISA 26,2707,0,0.0
695,23,ISA,27,ISA 27,2045,0,0.0
696,23,ISA,28,ISA 28,4054,0,0.0
697,23,ISA,29,ISA 29,3804,0,0.0
698,23,ISA,30,ISA 30,5202,0,0.0
699,23,ISA,31,ISA 31,1595,0,0.0
700,23,ISA,32,ISA 32,2211,0,0.0
701,23,ISA,33,ISA 33,3064,0,0.0
702,23,ISA,34,ISA 34,2502,0,0.0
703,23,ISA,35,ISA 35,1405,0,0.0
704,23,ISA,36,ISA 36,3426,0,0.0
705,23,ISA,37,ISA 37,5650,0,0.0
706,23,ISA,38,ISA 38,2791,0,0.0
707,23,ISA,39,ISA 39,1367,0,0.0
708,23,ISA,40,ISA 40,4034,0,0.0
709,23,ISA,41,ISA 41,4055,0,0.0
710,23,ISA,42,ISA 42,3328,0,0.0
711,23,ISA,43,ISA 43,3628,0,0.0
712,23,ISA,44,ISA 44,4439,0,0.0
713,23,ISA,45,ISA 45,3973,0,0.0
714,23,ISA,46,ISA 46,1710,0,0.0
715,23,ISA,47,ISA 47,2388,0,0.0
716,23,ISA,48,ISA 48,3072,0,0.0
717,23,ISA,49,ISA 49,4309,0,0.0
718,23,ISA,50,ISA 50,1828,0,0.0
719,23,ISA,51,ISA 51,3742,0,0.0
720,23,ISA,52,ISA 52,2072,0,0.0
721,23,ISA,53,ISA 53,1957,0,0.0
722,23,ISA,54,ISA 54,2556,0,0.0
723,23,ISA,55,ISA 55,1928,0,0.0
724,23,ISA,56,ISA 56,1808,0,0.0
725,23,ISA,57,ISA 57,2886,0,0.0
726,23,ISA,58,ISA 58,2626,0,0.0
727,23,ISA,59,ISA 59,3164,0,0.0
728,23,ISA,60,ISA 60,3367,0,0.0
729,23,ISA,61,ISA 61,1966,0,0.0
730,23,ISA,62,ISA 62,1762,0,0.0
731,23,ISA,63,ISA 63,2812,0,0.0
732,23,ISA,64,ISA 64,1578,0,0.0
733,23,ISA,65,ISA 65,3749,0,0.0
734,23,ISA,66,ISA 66,4102,0,0.0
735,24,JER,1,JER 1,2550,0,0.0
736,24,JER,2,JER 2,5330,0,0.0
737,24,JER,3,JER 3,4230,0,0.0
738,24,JER,4,JER 4,4501,0,0.0
739,24,JER,5,JER 5,4434,0,0.0
740,24,JER,6,JER 6,4287,0,0.0
741,24,JER,7,JER 7,4907,0,0.0
742,24,JER,8,JER 8,3567,0,0.0
743,24,JER,9,JER 9,3989,0,0.0
744,24,JER,10,JER 10,3405,0,0.0
745,24,JER,11,JER 11,3727,0,0.0
746,24,JER,12,JER 12,2813,0,0.0
747,24,JER,13,JER 13,3736,0,0.0
748,24,JER,14,JER 14,3534,0,0.0
749,24,JER,15,JER 15,3427,0,0.0
750,24,JER,16,JER 16,3563,0,0.0
751,24,JER,17,JER 17,4173,0,0.0
752,24,JER,18,JER 18,3180,0,0.0
753,24,JER,19,JER 19,2730,0,0.0
754,24,JER,20,JER 20,2975,0,0.0
755,24,JER,21,JER 21,2450,0,0.0
756,24,JER,22,JER 22,4226,0,0.0
757,24,JER,23,JER 23,6035,0,0.0
758,24,JER,24,JER 24,1717,0,0.0
759,24,JER,25,JER 25,5704,0,0.0
760,24,JER,26,JER 26,3903,0,0.0
761,24,JER,27,JER 27,3804,0,0.0
762,24,JER,28,JER 28,2724,0,0.0
763,24,JER,29,JER 29,5086,0,0.0
764,24,JER,30,JER 30,3549,0,0.0
765,24,JER,31,JER 31,6400,0,0.0
766,24,JER,32,JER 32,7168,0,0.0
767,24,JER,33,JER 33,4241,0,0.0
768,24,JER,34,JER 34,4208,0,0.0
769,24,JER,35,JER 35,3331,0,0.0
770,24,JER,36,JER 36,5415,0,0.0
771,24,JER,37,JER 37,3130,0,0.0
772,24,JER,38,JER 38,4825,0,0.0
773,24,JER,39,JER 39,2746,0,0.0
774,24,JER,40,JER 40,3441,0,0.0
775,24,JER,41,JER 41,3341,0,0.0
776,24,JER,42,JER 42,3647,0,0.0
777,24,JER,43,JER 43,2224,0,0.0
778,24,JER,44,JER 44,6249,0,0.0
779,24,JER,45,JER 45,717,0,0.0
780,24,JER,46,JER 46,4215,0,0.0
781,24,JER,47,JER 47,1136,0,0.0
782,24,JER,48,JER 48,5989,0,0.0
783,24,JER,49,JER 49,6121,0,0.0
784,24,JER,50,JER 50,7592,0,0.0
785,24,JER,51,JER 51,9485,0,0.0
786,24,JER,52,JER 52,5420,0,0.0
787,25,LAM,1,LAM 1,4113,0,0.0
788,25,LAM,2,LAM 2,4547,0,0.0
789,25,LAM,3,LAM 3,4435,0,0.0
790,25,LAM,4,LAM 4,3106,0,0.0
791,25,LAM,5,LAM 5,1521,0,0.0
792,26,EZK,1,EZK 1,4273,0,0.0
793,26,EZK,2,EZK 2,1360,0,0.0
794,26,EZK,3,EZK 3,3863,0,0.0
795,26,EZK,4,EZK 4,2536,0,0.0
796,26,EZK,5,EZK 5,3108,0,0.0
797,26,EZK,6,EZK 6,2371,0,0.0
798,26,EZK,7,EZK 7,3812,0,0.0
799,26,EZK,8,EZK 8,3122,0,0.0
800,26,EZK,9,EZK 9,1928,0,0.0
801,26,EZK,10,EZK 10,3266,0,0.0
802,26,EZK,11,EZK 11,3479,0,0.0
803,26,EZK,12,EZK 12,3906,0,0.0
804,26,EZK,13,EZK 13,3682,0,0.0
805,26,EZK,14,EZK 14,3714,0,0.0
806,26,EZK,15,EZK 15,969,0,0.0
807,26,EZK,16,EZK 16,9537,0,0.0
808,26,EZK,17,EZK 17,3758,0,0.0
809,26,EZK,18,EZK 18,4746,0,0.0
810,26,EZK,19,EZK 19,1785,0,0.0
811,26,EZK,20,EZK 20,7889,0,0.0
812,26,EZK,21,EZK 21,4665,0,0.0
813,26,EZK,22,EZK 22,4262,0,0.0
814,26,EZK,23,EZK 23,7022,0,0.0
815,26,EZK,24,EZK 24,3642,0,0.0
816,26,EZK,25,EZK 25,2640,0,0.0
817,26,EZK,26,EZK 26,3512,0,0.0
818,26,EZK,27,EZK 27,4680,0,0.0
819,26,EZK,28,EZK 28,3911,0,0.0
820,26,EZK,29,EZK 29,3435,0,0.0
821,26,EZK,30,EZK 30,3607,0,0.0
822,26,EZK,31,EZK 31,3288,0,0.0
823,26,EZK,32,EZK 32,5249,0,0.0
824,26,EZK,33,EZK 33,5285,0,0.0
825,26,EZK,34,EZK 34,4779,0,0.0
826,26,EZK,35,EZK 35,2058,0,0.0
827,26,EZK,36,EZK 36,5884,0,0.0
828,26,EZK,37,EZK 37,4210,0,0.0
829,26,EZK,38,EZK 38,3801,0,0.0
830,26,EZK,39,EZK 39,4622,0,0.0
831,26,EZK,40,EZK 40,7297,0,0.0
832,26,EZK,41,EZK 41,3983,0,0.0
833,26,EZK,42,EZK 42,2989,0,0.0
834,26,EZK,43,EZK 43,4330,0,0.0
835,26,EZK,44,EZK 44,5224,0,0.0
836,26,EZK,45,EZK 45,4379,0,0.0
837,26,EZK,46,EZK 46,4277,0,0.0
838,26,EZK,47,EZK 47,3904,0,0.0
839,26,EZK,48,EZK 48,5345,0,0.0
840,28,HOS,1,HOS 1,1670,0,0.0
841,28,HOS,2,HOS 2,3349,0,0.0
842,28,HOS,3,HOS 3,756,0,0.0
843,28,HOS,4,HOS 4,2610,0,0.0
844,28,HOS,5,HOS 5,1897,0,0.0
845,28,HOS,6,HOS 6,1276,0,0.0
846,28,HOS,7,HOS 7,2097,0,0.0
847,28,HOS,8,HOS 8,1722,0,0.0
848,28,HOS,9,HOS 9,2526,0,0.0
849,28,HOS,10,HOS 10,2237,0,0.0
850,28,HOS,11,HOS 11,1532,0,0.0
851,28,HOS,12,HOS 12,1578,0,0.0
852,28,HOS,13,HOS 13,2183,0,0.0
853,28,HOS,14,HOS 14,1156,0,0.0
854,29,JOL,1,JOL 1,2589,0,0.0
855,29,JOL,2,JOL 2,4765,0,0.0
856,29,JOL,3,JOL 3,2907,0,0.0
857,30,AMO,1,AMO 1,2345,0,0.0
858,30,AMO,2,AMO 2,2182,0,0.0
859,30,AMO,3,AMO 3,1949,0,0.0
860,30,AMO,4,AMO 4,2184,0,0.0
861,30,AMO,5,AMO 5,3300,0,0.0
862,30,AMO,6,AMO 6,1980,0,0.0
863,30,AMO,7,AMO 7,2301,0,0.0
864,30,AMO,8,AMO 8,1979,0,0.0
865,30,AMO,9,AMO 9,2656,0,0.0
866,31,OBA,1,OBA 1,3265,0,0.0
867,32,JON,1,JON 1,2435,0,0.0
868,32,JON,2,JON 2,1019,0,0.0
869,32,JON,3,JON 3,1308,0,0.0
870,32,JON,4,JON 4,1624,0,0.0
871,33,MIC,1,MIC 1,2304,0,0.0
872,33,MIC,2,MIC 2,1902,0,0.0
873,33,MIC,3,MIC 3,1740,0,0.0
874,33,MIC,4,MIC 4,2339,0,0.0
875,33,MIC,5,MIC 5,2072,0,0.0
876,33,MIC,6,MIC 6,2111,0,0.0
877,33,MIC,7,MIC 7,2932,0,0.0
878,34,NAM,1,NAM 1,1994,0,0.0
879,34,NAM,2,NAM 2,1808,0,0.0
880,34,NAM,3,NAM 3,2644,0,0.0
881,35,HAB,1,HAB 1,2142,0,0.0
882,35,HAB,2,HAB 2,2802,0,0.0
883,35,HAB,3,HAB 3,2363,0,0.0
884,36,ZEP,1,ZEP 1,2748,0,0.0
885,36,ZEP,2,ZEP 2,2414,0,0.0
886,36,ZEP,3,ZEP 3,3035,0,0.0
887,37,HAG,1,HAG 1,2257,0,0.0
888,37,HAG,2,HAG 2,3232,0,0.0
889,38,ZEC,1,ZEC 1,3079,0,0.0
890,38,ZEC,2,ZEC 2,1519,0,0.0
891,38,ZEC,3,ZEC 3,1477,0,0.0
892,38,ZEC,4,ZEC 4,1743,0,0.0
893,38,ZEC,5,ZEC 5,1636,0,0.0
894,38,ZEC,6,ZEC 6,1995,0,0.0
895,38,ZEC,7,ZEC 7,1905,0,0.0
896,38,ZEC,8,ZEC 8,3283,0,0.0
897,38,ZEC,9,ZEC 9,2557,0,0.0
898,38,ZEC,10,ZEC 10,1927,0,0.0
899,38,ZEC,11,ZEC 11,2443,0,0.0
900,38,ZEC,12,ZEC 12,2329,0,0.0
901,38,ZEC,13,ZEC 13,1591,0,0.0
902,38,ZEC,14,ZEC 14,3601,0,0.0
903,39,MAL,1,MAL 1,2409,0,0.0
904,39,MAL,2,MAL 2,2846,0,0.0
905,39,MAL,3,MAL 3,2785,0,0.0
906,39,MAL,4,MAL 4,872,0,0.0
907,40,TOB,1,TOB 1,3380,0,0.0
908,40,TOB,2,TOB 2,2000,0,0.0
909,40,TOB,3,TOB 3,3142,0,0.0
910,40,TOB,4,TOB 4,3408,0,0.0
911,40,TOB,5,TOB 5,2774,0,0.0
912,40,TOB,6,TOB 6,3011,0,0.0
913,40,TOB,7,TOB 7,2280,0,0.0
914,40,TOB,8,TOB 8,2292,0,0.0
915,40,TOB,9,TOB 9,575,0,0.0
916,40,TOB,10,TOB 10,1725,0,0.0
917,40,TOB,11,TOB 11,2097,0,0.0
918,40,TOB,12,TOB 12,2498,0,0.0
919,40,TOB,13,TOB 13,2593,0,0.0
920,40,TOB,14,TOB 14,2818,0,0.0
921,41,JDT,1,JDT 1,2937,0,0.0
922,41,JDT,2,JDT 2,4205,0,0.0
923,41,JDT,3,JDT 3,1267,0,0.0
924,41,JDT,4,JDT 4,2727,0,0.0
925,41,JDT,5,JDT 5,4047,0,0.0
926,41,JDT,6,JDT 6,3530,0,0.0
927,41,JDT,7,JDT 7,5611,0,0.0
928,41,JDT,8,JDT 8,5661,0,0.0
929,41,JDT,9,JDT 9,2937,0,0.0
930,41,JDT,10,JDT 10,3984,0,0.0
931,41,JDT,11,JDT 11,4277,0,0.0
932,41,JDT,12,JDT 12,3161,0,0.0
933,41,JDT,13,JDT 13,3568,0,0.0
934,41,JDT,14,JDT 14,3242,0,0.0
935,41,JDT,15,JDT 15,2673,0,0.0
936,41,JDT,16,JDT 16,3786,0,0.0
937,42,ESG,1,ESG 1,5383,0,0.0
938,42,ESG,2,ESG 2,3699,0,0.0
939,42,ESG,3,ESG 3,4094,0,0.0
940,42,ESG,4,ESG 4,6546,0,0.0
941,42,ESG,5,ESG 5,3174,1228,0.3868935097668557
942,42,ESG,6,ESG 6,2241,0,0.0
943,42,ESG,7,ESG 7,1465,0,0.0
944,42,ESG,8,ESG 8,6631,4182,0.6306741064696124
945,42,ESG,9,ESG 9,3801,0,0.0
946,42,ESG,10,ESG 10,1760,0,0.0
947,44,WIS,1,WIS 1,2005,0,0.0
948,44,WIS,2,WIS 2,2838,0,0.0
949,44,WIS,3,WIS 3,1993,0,0.0
950,44,WIS,4,WIS 4,2474,0,0.0
951,44,WIS,5,WIS 5,2918,0,0.0
952,44,WIS,6,WIS 6,2628,0,0.0
953,44,WIS,7,WIS 7,3437,0,0.0
954,44,WIS,8,WIS 8,2601,0,0.0
955,44,WIS,9,WIS 9,2137,0,0.0
956,44,WIS,10,WIS 10,2904,0,0.0
957,44,WIS,11,WIS 11,2990,0,0.0
958,44,WIS,12,WIS 12,3712,0,0.0
959,44,WIS,13,WIS 13,2737,0,0.0
960,44,WIS,14,WIS 14,4162,0,0.0
961,44,WIS,15,WIS 15,2842,0,0.0
962,44,WIS,16,WIS 16,4131,0,0.0
963,44,WIS,17,WIS 17,3029,0,0.0
964,44,WIS,18,WIS 18,3735,0,0.0
965,44,WIS,19,WIS 19,3346,0,0.0
966,45,SIR,1,SIR 1,2479,0,0.0
967,45,SIR,2,SIR 2,1653,0,0.0
968,45,SIR,3,SIR 3,2754,0,0.0
969,45,SIR,4,SIR 4,2671,0,0.0
970,45,SIR,5,SIR 5,1376,0,0.0
971,45,SIR,6,SIR 6,3386,0,0.0
972,45,SIR,7,SIR 7,3121,0,0.0
973,45,SIR,8,SIR 8,1802,0,0.0
974,45,SIR,9,SIR 9,2001,0,0.0
975,45,SIR,10,SIR 10,2899,0,0.0
976,45,SIR,11,SIR 11,3230,0,0.0
977,45,SIR,12,SIR 12,1890,0,0.0
978,45,SIR,13,SIR 13,2743,0,0.0
979,45,SIR,14,SIR 14,2242,0,0.0
980,45,SIR,15,SIR 15,1603,0,0.0
981,45,SIR,16,SIR 16,2722,0,0.0
982,45,SIR,17,SIR 17,2282,0,0.0
983,45,SIR,18,SIR 18,2742,0,0.0
984,45,SIR,19,SIR 19,2353,0,0.0
985,45,SIR,20,SIR 20,2861,0,0.0
986,45,SIR,21,SIR 21,2661,0,0.0
987,45,SIR,22,SIR 22,2958,0,0.0
988,45,SIR,23,SIR 23,3358,0,0.0
989,45,SIR,24,SIR 24,3055,0,0.0
990,45,SIR,25,SIR 25,2563,0,0.0
991,45,SIR,26,SIR 26,2184,0,0.0
992,45,SIR,27,SIR 27,2745,0,0.0
993,45,SIR,28,SIR 28,2568,0,0.0
994,45,SIR,29,SIR 29,2808,0,0.0
995,45,SIR,30,SIR 30,2275,0,0.0
996,45,SIR,31,SIR 31,3074,0,0.0
997,45,SIR,32,SIR 32,2075,0,0.0
998,45,SIR,33,SIR 33,3114,0,0.0
999,45,SIR,34,SIR 34,2552,0,0.0
1000,45,SIR,35,SIR 35,2216,0,0.0
1001,45,SIR,36,SIR 36,2350,0,0.0
1002,45,SIR,37,SIR 37,3172,0,0.0
1003,45,SIR,38,SIR 38,3960,0,0.0
1004,45,SIR,39,SIR 39,3869,0,0.0
1005,45,SIR,40,SIR 40,3043,0,0.0
1006,45,SIR,41,SIR 41,2780,0,0.0
1007,45,SIR,42,SIR 42,2802,0,0.0
1008,45,SIR,43,SIR 43,3250,0,0.0
1009,45,SIR,44,SIR 44,2476,0,0.0
1010,45,SIR,45,SIR 45,3900,0,0.0
1011,45,SIR,46,SIR 46,2659,0,0.0
1012,45,SIR,47,SIR 47,2921,0,0.0
1013,45,SIR,48,SIR 48,2646,0,0.0
1014,45,SIR,49,SIR 49,1798,0,0.0
1015,45,SIR,50,SIR 50,3380,0,0.0
1016,45,SIR,51,SIR 51,3163,0,0.0
1017,46,BAR,1,BAR 1,3398,0,0.0
1018,46,BAR,2,BAR 2,4787,0,0.0
1019,46,BAR,3,BAR 3,3858,0,0.0
1020,46,BAR,4,BAR 4,4004,0,0.0
1021,46,BAR,5,BAR 5,1116,0,0.0
1022,46,BAR,6,BAR 6,8736,0,0.0
1023,51,1MA,1,1MA 1,7199,0,0.0
1024,51,1MA,2,1MA 2,7377,0,0.0
1025,51,1MA,3,1MA 3,7566,0,0.0
1026,51,1MA,4,1MA 4,7172,0,0.0
1027,51,1MA,5,1MA 5,9193,0,0.0
1028,51,1MA,6,1MA 6,8489,0,0.0
1029,51,1MA,7,1MA 7,6161,0,0.0
1030,51,1MA,8,1MA 8,4926,0,0.0
1031,51,1MA,9,1MA 9,9254,0,0.0
1032,51,1MA,10,1MA 10,11781,0,0.0
1033,51,1MA,11,1MA 11,10095,0,0.0
1034,51,1MA,12,1MA 12,7096,0,0.0
1035,51,1MA,13,1MA 13,6950,0,0.0
1036,51,1MA,14,1MA 14,7141,0,0.0
1037,51,1MA,15,1MA 15,5761,0,0.0
1038,51,1MA,16,1MA 16,3448,0,0.0
1039,52,2MA,1,2MA 1,5227,0,0.0
1040,52,2MA,2,2MA 2,4873,0,0.0
1041,52,2MA,3,2MA 3,6520,0,0.0
1042,52,2MA,4,2MA 4,8732,0,0.0
1043,52,2MA,5,2MA 5,4962,0,0.0
1044,52,2MA,6,2MA 6,5276,0,0.0
1045,52,2MA,7,2MA 7,6645,0,0.0
1046,52,2MA,8,2MA 8,6616,0,0.0
1047,52,2MA,9,2MA 9,5303,0,0.0
1048,52,2MA,10,2MA 10,6464,0,0.0
1049,52,2MA,11,2MA 11,5276,0,0.0
1050,52,2MA,12,2MA 12,8185,0,0.0
1051,52,2MA,13,2MA 13,4260,0,0.0
1052,52,2MA,14,2MA 14,7609,0,0.0
1053,52,2MA,15,2MA 15,6516,0,0.0
1054,65,DAG,1,DAG 1,3099,0,0.0
1055,65,DAG,2,DAG 2,7688,0,0.0
1056,65,DAG,3,DAG 3,12191,0,0.0
1057,65,DAG,4,DAG 4,6536,0,0.0
1058,65,DAG,5,DAG 5,5280,0,0.0
1059,65,DAG,6,DAG 6,4779,0,0.0
1060,65,DAG,7,DAG 7,4716,0,0.0
1061,65,DAG,8,DAG 8,4292,0,0.0
1062,65,DAG,9,DAG 9,5027,0,0.0
1063,65,DAG,10,DAG 10,3114,0,0.0
1064,65,DAG,11,DAG 11,7785,0,0.0
1065,65,DAG,12,DAG 12,2018,0,0.0
1066,65,DAG,13,DAG 13,7399,0,0.0
1067,65,DAG,14,DAG 14,5382,0,0.0
1068,69,MAT,1,MAT 1,3025,0,0.0
1069,69,MAT,2,MAT 2,3091,0,0.0
1070,69,MAT,3,MAT 3,1991,0,0.0
1071,69,MAT,4,MAT 4,2756,0,0.0
1072,69,MAT,5,MAT 5,5466,0,0.0
1073,69,MAT,6,MAT 6,4092,0,0.0
1074,69,MAT,7,MAT 7,3007,0,0.0
1075,69,MAT,8,MAT 8,3728,0,0.0
1076,69,MAT,9,MAT 9,4234,0,0.0
1077,69,MAT,10,MAT 10,4488,0,0.0
1078,69,MAT,11,MAT 11,3304,0,0.0
1079,69,MAT,12,MAT 12,5743,0,0.0
1080,69,MAT,13,MAT 13,6884,0,0.0
1081,69,MAT,14,MAT 14,3608,0,0.0
1082,69,MAT,15,MAT 15,4008,0,0.0
1083,69,MAT,16,MAT 16,3335,0,0.0
1084,69,MAT,17,MAT 17,3145,0,0.0
1085,69,MAT,18,MAT 18,4318,0,0.0
1086,69,MAT,19,MAT 19,3644,0,0.0
1087,69,MAT,20,MAT 20,3865,0,0.0
1088,69,MAT,21,MAT 21,5661,0,0.0
1089,69,MAT,22,MAT 22,4293,0,0.0
1090,69,MAT,23,MAT 23,4426,0,0.0
1091,69,MAT,24,MAT 24,5304,0,0.0
1092,69,MAT,25,MAT 25,5015,0,0.0
1093,69,MAT,26,MAT 26,8109,0,0.0
1094,69,MAT,27,MAT 27,6935,0,0.0
1095,69,MAT,28,MAT 28,2146,0,0.0
1096,70,MRK,1,MRK 1,4676,0,0.0
1097,70,MRK,2,MRK 2,3436,0,0.0
1098,70,MRK,3,MRK 3,3341,0,0.0
1099,70,MRK,4,MRK 4,4409,0,0.0
1100,70,MRK,5,MRK 5,4640,0,0.0
1101,70,MRK,6,MRK 6,6468,0,0.0
1102,70,MRK,7,MRK 7,4179,0,0.0
1103,70,MRK,8,MRK 8,4104,0,0.0
1104,70,MRK,9,MRK 9,5789,0,0.0
1105,70,MRK,10,MRK 10,5889,0,0.0
1106,70,MRK,11,MRK 11,3795,0,0.0
1107,70,MRK,12,MRK 12,5209,0,0.0
1108,70,MRK,13,MRK 13,4087,0,0.0
1109,70,MRK,14,MRK 14,7940,122,0.015365239294710327
1110,70,MRK,15,MRK 15,4665,0,0.0
1111,70,MRK,16,MRK 16,2274,0,0.0
1112,71,LUK,1,LUK 1,7776,7776,1.0
1113,71,LUK,2,LUK 2,5583,5583,1.0
1114,71,LUK,3,LUK 3,4310,4310,1.0
1115,71,LUK,4,LUK 4,5051,5051,1.0
1116,71,LUK,5,LUK 5,4622,4622,1.0
1117,71,LUK,6,LUK 6,5912,5912,1.0
1118,71,LUK,7,LUK 7,5835,5835,1.0
1119,71,LUK,8,LUK 8,7043,7043,1.0
1120,71,LUK,9,LUK 9,7110,7110,1.0
1121,71,LUK,10,LUK 10,4893,4893,1.0
1122,71,LUK,11,LUK 11,6590,6590,1.0
1123,71,LUK,12,LUK 12,6855,6855,1.0
1124,71,LUK,13,LUK 13,4226,4226,1.0
1125,71,LUK,14,LUK 14,3975,3975,1.0
1126,71,LUK,15,LUK 15,3523,3523,1.0
1127,71,LUK,16,LUK 16,3923,3923,1.0
1128,71,LUK,17,LUK 17,3772,3772,1.0
1129,71,LUK,18,LUK 18,4374,4374,1.0
1130,71,LUK,19,LUK 19,4962,4962,1.0
1131,71,LUK,20,LUK 20,4687,4687,1.0
1132,71,LUK,21,LUK 21,3989,3989,1.0
1133,71,LUK,22,LUK 22,7018,7018,1.0
1134,71,LUK,23,LUK 23,5687,5687,1.0
1135,71,LUK,24,LUK 24,5140,5140,1.0
1136,72,JHN,1,JHN 1,5023,476,0.094764085208043
1137,72,JHN,2,JHN 2,2545,0,0.0
1138,72,JHN,3,JHN 3,3762,0,0.0
1139,72,JHN,4,JHN 4,5557,0,0.0
1140,72,JHN,5,JHN 5,4963,0,0.0
1141,72,JHN,6,JHN 6,7547,0,0.0
1142,72,JHN,7,JHN 7,5118,0,0.0
1143,72,JHN,8,JHN 8,6400,106,0.0165625
1144,72,JHN,9,JHN 9,4116,0,0.0
1145,72,JHN,10,JHN 10,3984,0,0.0
1146,72,JHN,11,JHN 11,5946,0,0.0
1147,72,JHN,12,JHN 12,5519,0,0.0
1148,72,JHN,13,JHN 13,4177,0,0.0
1149,72,JHN,14,JHN 14,3383,0,0.0
1150,72,JHN,15,JHN 15,2976,0,0.0
1151,72,JHN,16,JHN 16,3931,0,0.0
1152,72,JHN,17,JHN 17,2971,0,0.0
1153,72,JHN,18,JHN 18,5008,0,0.0
1154,72,JHN,19,JHN 19,5306,0,0.0
1155,72,JHN,20,JHN 20,3779,0,0.0
1156,72,JHN,21,JHN 21,3672,0,0.0
1157,73,ACT,1,ACT 1,3385,0,0.0
1158,73,ACT,2,ACT 2,5227,0,0.0
1159,73,ACT,3,ACT 3,3253,0,0.0
1160,73,ACT,4,ACT 4,4466,0,0.0
1161,73,ACT,5,ACT 5,5108,0,0.0
1162,73,ACT,6,ACT 6,1897,0,0.0
1163,73,ACT,7,ACT 7,7154,0,0.0
1164,73,ACT,8,ACT 8,4436,0,0.0
1165,73,ACT,9,ACT 9,4989,0,0.0
1166,73,ACT,10,ACT 10,5555,0,0.0
1167,73,ACT,11,ACT 11,3334,0,0.0
1168,73,ACT,12,ACT 12,3277,0,0.0
1169,73,ACT,13,ACT 13,6327,0,0.0
1170,73,ACT,14,ACT 14,3320,0,0.0
1171,73,ACT,15,ACT 15,4894,0,0.0
1172,73,ACT,16,ACT 16,4960,0,0.0
1173,73,ACT,17,ACT 17,4520,0,0.0
1174,73,ACT,18,ACT 18,3541,0,0.0
1175,73,ACT,19,ACT 19,5166,0,0.0
1176,73,ACT,20,ACT 20,4511,0,0.0
1177,73,ACT,21,ACT 21,5416,0,0.0
1178,73,ACT,22,ACT 22,3766,0,0.0
1179,73,ACT,23,ACT 23,4644,0,0.0
1180,73,ACT,24,ACT 24,3201,0,0.0
1181,73,ACT,25,ACT 25,3845,0,0.0
1182,73,ACT,26,ACT 26,3978,0,0.0
1183,73,ACT,27,ACT 27,5344,0,0.0
1184,73,ACT,28,ACT 28,4228,0,0.0
1185,74,ROM,1,ROM 1,3932,0,0.0
1186,74,ROM,2,ROM 2,3244,0,0.0
1187,74,ROM,3,ROM 3,3031,0,0.0
1188,74,ROM,4,ROM 4,3063,0,0.0
1189,74,ROM,5,ROM 5,2549,0,0.0
1190,74,ROM,6,ROM 6,2593,0,0.0
1191,74,ROM,7,ROM 7,2981,0,0.0
1192,74,ROM,8,ROM 8,4593,0,0.0
1193,74,ROM,9,ROM 9,3653,0,0.0
1194,74,ROM,10,ROM 10,2379,0,0.0
1195,74,ROM,11,ROM 11,4176,0,0.0
1196,74,ROM,12,ROM 12,2208,0,0.0
1197,74,ROM,13,ROM 13,1933,0,0.0
1198,74,ROM,14,ROM 14,3065,0,0.0
1199,74,ROM,15,ROM 15,3895,0,0.0
1200,74,ROM,16,ROM 16,2408,0,0.0
1201,75,1CO,1,1CO 1,3372,0,0.0
1202,75,1CO,2,1CO 2,1932,0,0.0
1203,75,1CO,3,1CO 3,2292,0,0.0
1204,75,1CO,4,1CO 4,2490,0,0.0
1205,75,1CO,5,1CO 5,1699,0,0.0
1206,75,1CO,6,1CO 6,2391,0,0.0
1207,75,1CO,7,1CO 7,5010,0,0.0
1208,75,1CO,8,1CO 8,1552,0,0.0
1209,75,1CO,9,1CO 9,3242,0,0.0
1210,75,1CO,10,1CO 10,3421,0,0.0
1211,75,1CO,11,1CO 11,3562,0,0.0
1212,75,1CO,12,1CO 12,3127,0,0.0
1213,75,1CO,13,1CO 13,1419,0,0.0
1214,75,1CO,14,1CO 14,4702,0,0.0
1215,75,1CO,15,1CO 15,5888,0,0.0
1216,75,1CO,16,1CO 16,2202,0,0.0
1217,76,2CO,1,2CO 1,3077,0,0.0
1218,76,2CO,2,2CO 2,1987,0,0.0
1219,76,2CO,3,2CO 3,1984,0,0.0
1220,76,2CO,4,2CO 4,2189,0,0.0
1221,76,2CO,5,2CO 5,2540,0,0.0
1222,76,2CO,6,2CO 6,1869,0,0.0
1223,76,2CO,7,2CO 7,2330,0,0.0
1224,76,2CO,8,2CO 8,2876,0,0.0
1225,76,2CO,9,2CO 9,2047,0,0.0
1226,76,2CO,10,2CO 10,2326,0,0.0
1227,76,2CO,11,2CO 11,3781,0,0.0
1228,76,2CO,12,2CO 12,3117,0,0.0
1229,76,2CO,13,2CO 13,1627,0,0.0
1230,77,GAL,1,GAL 1,2468,0,0.0
1231,77,GAL,2,GAL 2,2985,0,0.0
1232,77,GAL,3,GAL 3,3308,0,0.0
1233,77,GAL,4,GAL 4,3161,0,0.0
1234,77,GAL,5,GAL 5,2474,0,0.0
1235,77,GAL,6,GAL 6,1844,0,0.0
1236,78,EPH,1,EPH 1,2658,0,0.0
1237,78,EPH,2,EPH 2,2371,0,0.0
1238,78,EPH,3,EPH 3,2244,0,0.0
1239,78,EPH,4,EPH 4,3272,0,0.0
1240,78,EPH,5,EPH 5,3061,0,0.0
1241,78,EPH,6,EPH 6,2667,0,0.0
1242,79,PHP,1,PHP 1,3318,0,0.0
1243,79,PHP,2,PHP 2,3060,0,0.0
1244,79,PHP,3,PHP 3,2609,0,0.0
1245,79,PHP,4,PHP 4,2536,0,0.0
1246,80,COL,1,COL 1,3474,0,0.0
1247,80,COL,2,COL 2,2710,0,0.0
1248,80,COL,3,COL 3,2527,0,0.0
1249,80,COL,4,COL 4,1954,0,0.0
1250,81,1TH,1,1TH 1,1285,0,0.0
1251,81,1TH,2,1TH 2,2438,0,0.0
1252,81,1TH,3,1TH 3,1586,0,0.0
1253,81,1TH,4,1TH 4,2078,0,0.0
1254,81,1TH,5,1TH 5,2172,0,0.0
1255,82,2TH,1,2TH 1,1535,0,0.0
1256,82,2TH,2,2TH 2,2006,0,0.0
1257,82,2TH,3,2TH 3,1855,0,0.0
1258,83,1TI,1,1TI 1,2406,0,0.0
1259,83,1TI,2,1TI 2,1371,0,0.0
1260,83,1TI,3,1TI 3,1677,0,0.0
1261,83,1TI,4,1TI 4,1775,0,0.0
1262,83,1TI,5,1TI 5,2683,0,0.0
1263,83,1TI,6,1TI 6,2720,0,0.0
1264,84,2TI,1,2TI 1,2144,0,0.0
1265,84,2TI,2,2TI 2,2734,0,0.0
1266,84,2TI,3,2TI 3,1773,0,0.0
1267,84,2TI,4,2TI 4,2164,0,0.0
1268,85,TIT,1,TIT 1,1966,0,0.0
1269,85,TIT,2,TIT 2,1546,0,0.0
1270,85,TIT,3,TIT 3,1622,0,0.0
1271,86,PHM,1,PHM 1,2267,0,0.0
1272,87,HEB,1,HEB 1,1709,0,0.0
1273,87,HEB,2,HEB 2,2388,0,0.0
1274,87,HEB,3,HEB 3,1887,0,0.0
1275,87,HEB,4,HEB 4,2124,0,0.0
1276,87,HEB,5,HEB 5,1628,0,0.0
1277,87,HEB,6,HEB 6,2307,0,0.0
1278,87,HEB,7,HEB 7,3382,0,0.0
1279,87,HEB,8,HEB 8,2035,0,0.0
1280,87,HEB,9,HEB 9,3826,0,0.0
1281,87,HEB,10,HEB 10,4180,0,0.0
1282,87,HEB,11,HEB 11,5078,0,0.0
1283,87,HEB,12,HEB 12,3738,0,0.0
1284,87,HEB,13,HEB 13,2712,0,0.0
1285,88,JAS,1,JAS 1,2846,0,0.0
1286,88,JAS,2,JAS 2,2656,0,0.0
1287,88,JAS,3,JAS 3,1947,0,0.0
1288,88,JAS,4,JAS 4,1863,0,0.0
1289,88,JAS,5,JAS 5,2491,0,0.0
1290,89,1PE,1,1PE 1,3333,0,0.0
1291,89,1PE,2,1PE 2,2884,0,0.0
1292,89,1PE,3,1PE 3,2805,0,0.0
1293,89,1PE,4,1PE 4,2441,0,0.0
1294,89,1PE,5,1PE 5,1669,0,0.0
1295,90,2PE,1,2PE 1,2585,0,0.0
1296,90,2PE,2,2PE 2,3244,0,0.0
1297,90,2PE,3,2PE 3,2613,0,0.0
1298,91,1JN,1,1JN 1,1214,1214,1.0
1299,91,1JN,2,1JN 2,3669,3669,1.0
1300,91,1JN,3,1JN 3,2684,2684,1.0
1301,91,1JN,4,1JN 4,2352,2352,1.0
1302,91,1JN,5,1JN 5,2444,2444,1.0
1303,92,2JN,1,2JN 1,1536,453,0.294921875
1304,93,3JN,1,3JN 1,1525,1525,1.0
1305,94,JUD,1,JUD 1,3461,136,0.03929500144466917
1306,95,REV,1,REV 1,2750,0,0.0
1307,95,REV,2,REV 2,4016,0,0.0
1308,95,REV,3,REV 3,3191,0,0.0
1309,95,REV,4,REV 4,1767,0,0.0
1310,95,REV,5,REV 5,2054,0,0.0
1311,95,REV,6,REV 6,2503,0,0.0
1312,95,REV,7,REV 7,2452,0,0.0
1313,95,REV,8,REV 8,1900,0,0.0
1314,95,REV,9,REV 9,2838,0,0.0
1315,95,REV,10,REV 10,1569,0,0.0
1316,95,REV,11,REV 11,2921,0,0.0
1317,95,REV,12,REV 12,2457,0,0.0
1318,95,REV,13,REV 13,2639,0,0.0
1319,95,REV,14,REV 14,3228,0,0.0
1320,95,REV,15,REV 15,1222,0,0.0
1321,95,REV,16,REV 16,2821,0,0.0
1322,95,REV,17,REV 17,2698,0,0.0
1323,95,REV,18,REV 18,3817,0,0.0
1324,95,REV,19,REV 19,3204,0,0.0
1325,95,REV,20,REV 20,2355,0,0.0
1326,95,REV,21,REV 21,3546,0,0.0
1327,95,REV,22,REV 22,2754,64,0.023238925199709513
